artists_id,album_id,track_id,track_uri,track_name,track_release_date,track_date_added,track_duration_ms,track_popularity,track_position,is_explicit,country,timestamp,stream_count
"3eVa5w3URK5duf6eyVDbu9, 0du5cEVh5yTK9QJze8zA0C",2IYQwwgxgOIn7t3iF6ufFD,5vNRhkKd0yEAg8suGBpjeY,spotify:track:5vNRhkKd0yEAg8suGBpjeY,APT.,2024-10-18,2024-10-31T12:37:43Z,169917,96,1,False,Indonesia,2024-11-01,182002510
"1HY2Jd0NmPuamShAr6KMms, 0du5cEVh5yTK9QJze8zA0C",10FLjwfpbxLmW8c25Xyc2N,2plbrEY59IikOBgBGLjaoe,spotify:track:2plbrEY59IikOBgBGLjaoe,Die With A Smile,2024-08-16,2024-10-31T12:37:43Z,251667,100,2,False,Indonesia,2024-11-01,793128354
47z98pKd71yIbgXwe9LPVC,5K8xqV7MCe3UIfedVAlZSe,7zOVh5fGpEwSbZd0g9z80B,spotify:track:7zOVh5fGpEwSbZd0g9z80B,Satu Bulan,2023-06-22,2024-10-31T12:37:43Z,200476,84,3,False,Indonesia,2024-11-01,206778990
"5Plk4JdCzMxhAHSRTEsxJp, 1lg1jqQMMJQQFFMnkxn0zV",59ptvvKVVgt5Oo8R6uYDda,7BgFlmOxrL7M1jVGoxqy37,spotify:track:7BgFlmOxrL7M1jVGoxqy37,Masing Masing,2023-11-03,2024-10-31T12:37:43Z,234589,77,4,False,Indonesia,2024-11-01,43426743
0f6TyESD8E1mD2oLJ4TGv1,6E4sl58YgjMqfUBNGOfAUa,0PtJbtW50jcvvswNPn3QGd,spotify:track:0PtJbtW50jcvvswNPn3QGd,Serana,2022-09-06,2024-10-31T12:37:43Z,250000,77,5,False,Indonesia,2024-11-01,321290834
47z98pKd71yIbgXwe9LPVC,5agEAxt8vks5Xk0NfEbI5D,2gcMYiZzzmzoF8PPAfL3IO,spotify:track:2gcMYiZzzmzoF8PPAfL3IO,"Untungnya, Hidup Harus Tetap Berjalan",2024-06-23,2024-10-31T12:37:43Z,182903,83,6,False,Indonesia,2024-11-01,110317887
6YPfs6tdZXvnlzgZNU3SYT,3JyJQxbVR1nCUdNn1aXYTX,2JqsSFo6HqOxnmxBtHfNY6,spotify:track:2JqsSFo6HqOxnmxBtHfNY6,Aku Yang Jatuh Cinta,2021-11-19,2024-10-31T12:37:43Z,196343,81,7,False,Indonesia,2024-11-01,164405395
47z98pKd71yIbgXwe9LPVC,5agEAxt8vks5Xk0NfEbI5D,6wj06az0WX7fClA2w319dO,spotify:track:6wj06az0WX7fClA2w319dO,Kata Mereka Ini Berlebihan,2024-06-23,2024-10-31T12:37:43Z,191141,80,8,False,Indonesia,2024-11-01,138872196
7Gy1PxqrgsiqWF6JNYPHeB,0y9i2KHDYh2gKfbpUNiM86,0daEJMXc3b4ZMTnvtHpuTt,spotify:track:0daEJMXc3b4ZMTnvtHpuTt,Nina,2024-08-30,2024-10-31T12:37:43Z,277944,70,9,False,Indonesia,2024-11-01,34164745
"6X28gNASnalAWseUA8uI4X, 3tMTXQyRrPmMyHv5SoC0TV",62tBcSn5N7vgrndYZwC4GB,6cChz3Pak7UtjuVJJRZmCm,spotify:track:6cChz3Pak7UtjuVJJRZmCm,Sialan,2024-09-27,2024-10-31T12:37:43Z,241088,73,10,False,Indonesia,2024-11-01,173424661
16B3ICSQCPu4C6L5TEHXQe,4hbpDc3hQGQO0cIwB6ocfx,70Wtp9jCA3ZhGAxV0pnwS7,spotify:track:70Wtp9jCA3ZhGAxV0pnwS7,Bunga Abadi,2024-03-01,2024-10-31T12:37:43Z,243038,79,11,False,Indonesia,2024-11-01,70721176
3tMTXQyRrPmMyHv5SoC0TV,17vUW6koeUkV58uYfkK6G3,1ZPVEo8RfmrEz8YAD5n6rW,spotify:track:1ZPVEo8RfmrEz8YAD5n6rW,Lantas,2020-11-06,2024-10-31T12:37:43Z,234204,79,12,False,Indonesia,2024-11-01,354372626
"66NmU5epI0ONGmdCRbLpmW, 06QVnTCdjs4jPKO0487EGV",5boeKAXsTkdFlm6OnkQxQW,6Hii26x3qDErVitnGW8QtO,spotify:track:6Hii26x3qDErVitnGW8QtO,Runtuh,2021-10-01,2024-10-31T12:37:43Z,223973,79,13,False,Indonesia,2024-11-01,473081932
47z98pKd71yIbgXwe9LPVC,26VYaukDjQn7rwT4ummk31,5KYUrBgdbIcqwaGSIgfXPl,spotify:track:5KYUrBgdbIcqwaGSIgfXPl,Apa Mungkin,2022-09-23,2024-10-31T12:37:43Z,238879,79,14,False,Indonesia,2024-11-01,177784529
6qqNVTkY8uBg9cP3Jd7DAH,7aJuG4TFXa2hmE4z1yxc3n,6dOtVTDdiauQNBQEDOtlAB,spotify:track:6dOtVTDdiauQNBQEDOtlAB,BIRDS OF A FEATHER,2024-05-17,2024-10-31T12:37:43Z,210373,97,15,False,Indonesia,2024-11-01,1365824219
1v1khTmozNfxB2ET1Ep288,6RUEyCnpcBsm3uSv08NY8q,5MIpcd16T59wFeqAChSYwC,spotify:track:5MIpcd16T59wFeqAChSYwC,Duka,2016-09-25,2024-10-31T12:37:43Z,325147,78,16,False,Indonesia,2024-11-01,382373441
6Sv2jkzH9sWQjwghW5ArMG,20nf5isZzrFuEOr0tIZkWG,3FwQ3RYYEekzjEeL3jdpUZ,spotify:track:3FwQ3RYYEekzjEeL3jdpUZ,Pesan Terakhir,2021-07-16,2024-10-31T12:37:43Z,261299,79,17,False,Indonesia,2024-11-01,357090262
47z98pKd71yIbgXwe9LPVC,5agEAxt8vks5Xk0NfEbI5D,0UFYW8XaNvO6K8yZLMHPkB,spotify:track:0UFYW8XaNvO6K8yZLMHPkB,Kini Mereka Tahu,2024-06-23,2024-10-31T12:37:43Z,284136,78,18,False,Indonesia,2024-11-01,91926473
47z98pKd71yIbgXwe9LPVC,5agEAxt8vks5Xk0NfEbI5D,0pmyq5KBXP3agRdxl1SZXx,spotify:track:0pmyq5KBXP3agRdxl1SZXx,Lama-Lama,2024-06-23,2024-10-31T12:37:43Z,184670,79,19,False,Indonesia,2024-11-01,85762250
3tMTXQyRrPmMyHv5SoC0TV,5Y5dkZeSlePrTopuETspAh,1csKczcJqOSdK8JriLMpDW,spotify:track:1csKczcJqOSdK8JriLMpDW,Tampar,2024-06-28,2024-10-31T12:37:43Z,202824,75,20,False,Indonesia,2024-11-01,222060600
3wOsYKZM0zcKNasi3I7fP4,1vva4fJyjXaJ2RDsGmIbCv,25M9piWxSsq0xLcjQW5yz6,spotify:track:25M9piWxSsq0xLcjQW5yz6,Bawa Dia Kembali,2023-01-23,2024-10-31T12:37:43Z,226773,79,21,False,Indonesia,2024-11-01,134491959
1NjxFrpEGZTV2Ny0OJxeWu,5uAcLj2EJLtQtKMyDYCI0Q,5eBk8ZXcd0pb0AO4a5PpOg,spotify:track:5eBk8ZXcd0pb0AO4a5PpOg,Gala bunga matahari,2024-04-30,2024-10-31T12:37:43Z,209693,80,22,False,Indonesia,2024-11-01,126946469
51kyrUsAVqUBcoDEMFkX12,1DAuVHMlBvIjzWZALSUXbn,2wAiFWjRupWmnDkQcu91MF,spotify:track:2wAiFWjRupWmnDkQcu91MF,Rumah Ke Rumah,2019-11-29,2024-10-31T12:37:43Z,277457,78,23,False,Indonesia,2024-11-01,332487217
20zafXaLhm5IcXnSU93rNn,75KyCmWatZRvlMcMRed9BG,630DpnzdfjdVqv2yLfPbAX,spotify:track:630DpnzdfjdVqv2yLfPbAX,Bertaut,2020-05-28,2024-10-31T12:37:43Z,315960,77,24,False,Indonesia,2024-11-01,387315889
53tuXn4uXfDqZYhAFMxZdt,0CzgGlTF8B68pXxcZhTjm5,4GUphFvzqaCHPDkS2VDn2I,spotify:track:4GUphFvzqaCHPDkS2VDn2I,Tunggu Apa Lagi,2024-09-05,2024-10-31T12:37:43Z,219352,74,25,False,Indonesia,2024-11-01,15328594
4AK6F7OLvEQ5QYCBNiQWHq,4gCNyS7pidfK3rKWhB3JOY,5O2P9iiztwhomNh8xkR9lJ,spotify:track:5O2P9iiztwhomNh8xkR9lJ,Night Changes,2014-11-17,2024-10-31T12:37:43Z,226600,90,26,False,Indonesia,2024-11-01,1810565097
1WX2v0BiEW19Vw7xmznLdZ,3zzIZJAYdeMttVROyFSUfN,5NmjnghJGJRFg34KGGx8O0,spotify:track:5NmjnghJGJRFg34KGGx8O0,Seandainya,2011-06-01,2024-10-31T12:37:43Z,263407,76,27,False,Indonesia,2024-11-01,265381241
"327ipGIr9bD3MkLb2eucqC, 66NmU5epI0ONGmdCRbLpmW",3oCPm4IKeaWJy666uZPKih,6xeqCawPZngDVqw2W2aGaR,spotify:track:6xeqCawPZngDVqw2W2aGaR,Kembali Pulang,2022-10-28,2024-10-31T12:37:43Z,207898,77,28,False,Indonesia,2024-11-01,222550617
4AhHkaGz7W2bKKJK90IaV2,4dyBsn9yy3PXeBgIEUvZI5,3y8RcMPYG22fRnrOi4oFJ1,spotify:track:3y8RcMPYG22fRnrOi4oFJ1,Nanti Kita Seperti Ini,2022-09-27,2024-10-31T12:37:43Z,209647,76,29,False,Indonesia,2024-11-01,223028066
1JvbNeV9zG9Sew1JyaWsyx,6gO5mDyNTqiIqHItRil4OG,26cvTWJq2E1QqN4jyH2OTU,spotify:track:26cvTWJq2E1QqN4jyH2OTU,Tak Segampang Itu,2022-12-02,2024-10-31T12:37:43Z,231100,78,30,False,Indonesia,2024-11-01,491278395
3wOsYKZM0zcKNasi3I7fP4,3MY5j23bUAPJKChg5V47m9,5bY4g7cLyasuuhthJ7Mdlh,spotify:track:5bY4g7cLyasuuhthJ7Mdlh,Sampai Menutup Mata,2024-09-06,2024-10-31T12:37:43Z,248666,77,31,False,Indonesia,2024-11-01,34911706
6UgERnTHmjk3qXM9x5vzyO,19zDJ0Nd8Xfv7ctcQrlT5k,6i9Ci0IN1q1GcnhdbKU7kZ,spotify:track:6i9Ci0IN1q1GcnhdbKU7kZ,penjaga hati,2024-06-21,2024-10-31T12:37:43Z,260346,72,32,False,Indonesia,2024-11-01,319369192
3tMTXQyRrPmMyHv5SoC0TV,5Y5dkZeSlePrTopuETspAh,6Npkwd5gv61SR6QZbTyNf9,spotify:track:6Npkwd5gv61SR6QZbTyNf9,Lampu Kuning,2024-06-28,2024-10-31T12:37:43Z,239416,77,33,False,Indonesia,2024-11-01,60556249
1ZT1OfVAO3kpOEHVejBxV8,7lhbsQ75nktdtQNlwa06Gy,5l3jhWIfRg1FeKgw7R1jWb,spotify:track:5l3jhWIfRg1FeKgw7R1jWb,Keras Kepala,2024-07-12,2024-10-31T12:37:43Z,296800,75,34,False,Indonesia,2024-11-01,40954619
"0f6TyESD8E1mD2oLJ4TGv1, 0kw7tMniMnrp9Pcr7vgDAm",6E4sl58YgjMqfUBNGOfAUa,6AyBbSvcR2ZwTeR30I4jb9,spotify:track:6AyBbSvcR2ZwTeR30I4jb9,Jakarta Hari Ini,2022-09-06,2024-10-31T12:37:43Z,221000,73,35,False,Indonesia,2024-11-01,139370698
0du5cEVh5yTK9QJze8zA0C,73pAZrAw8W3Ey9hBJYOVLt,4rMNgxEwGWoPHIUcvB5BrB,spotify:track:4rMNgxEwGWoPHIUcvB5BrB,It Will Rain,2011-09-27,2024-10-31T12:37:43Z,257847,65,36,False,Indonesia,2024-11-01,1000578599
"4bAgr9zaF0bpzVGHdHuf0f, 611ajYp7fMbkU5CYF08tje",6osB48b3PzrABxdspbyYkd,1mruWrUwAVe2XkksUQiaHK,spotify:track:1mruWrUwAVe2XkksUQiaHK,Selamat (Selamat Tinggal),2019-06-17,2024-10-31T12:37:43Z,313670,76,37,False,Indonesia,2024-11-01,358543173
5vTG3EyFrsARtIGDWZNRzu,2B5g8Dua4wmu7JOnNX9e8K,3aClK9EBpl7QeYEuOq1eMI,spotify:track:3aClK9EBpl7QeYEuOq1eMI,L,2018-08-23,2024-10-31T12:37:43Z,220851,76,38,False,Indonesia,2024-11-01,253535514
4sEWznAKWWNcicTuLxzb6d,2nFXZYwcFX49uehczLGoFM,6zrnrcry6OHVFo3EDt6PYa,spotify:track:6zrnrcry6OHVFo3EDt6PYa,Rahasia Hati,2014-03-03,2024-10-31T12:37:43Z,250682,72,39,False,Indonesia,2024-11-01,61088421
3wOsYKZM0zcKNasi3I7fP4,22rc3bBMyJemUaLBe7chVV,6XKEElbr3cWmnUw6a5HRBV,spotify:track:6XKEElbr3cWmnUw6a5HRBV,Mati-Matian,2024-03-29,2024-10-31T12:37:43Z,244137,77,40,False,Indonesia,2024-11-01,138391725
2iDVt6mFbtbDEZG5ax0dTi,4szhn3xPmOJklFAcqNvTnQ,4GfK1qOF3uBWidbPlTCQRL,spotify:track:4GfK1qOF3uBWidbPlTCQRL,Monokrom,2016-08-03,2024-10-31T12:37:43Z,214567,76,41,False,Indonesia,2024-11-01,374494193
2iDVt6mFbtbDEZG5ax0dTi,3R4IAF9ApqYeUQrv1ddyoR,32Pdf9eyXDEMoClEJW6yYP,spotify:track:32Pdf9eyXDEMoClEJW6yYP,Interaksi,2022-03-03,2024-10-31T12:37:43Z,170000,76,42,False,Indonesia,2024-11-01,277937379
51kyrUsAVqUBcoDEMFkX12,1DAuVHMlBvIjzWZALSUXbn,2dIBMHByUGcNPzmYBJ6OAj,spotify:track:2dIBMHByUGcNPzmYBJ6OAj,Evaluasi,2019-11-29,2024-10-31T12:37:43Z,194469,76,43,False,Indonesia,2024-11-01,309424514
5L1lO4eRHmJ7a0Q6csE5cT,2F84s5tvr9RSS6VI772mVb,3yDRcs0Y4pPzkvMbUfeF9H,spotify:track:3yDRcs0Y4pPzkvMbUfeF9H,Moonlit Floor (Kiss Me),2024-10-03,2024-10-31T12:37:43Z,155757,89,44,False,Indonesia,2024-11-01,107590368
"3tMTXQyRrPmMyHv5SoC0TV, 6RoZip1Hn7ahR6MjzBKKLK",35UI6U9KndqP2jBoMz9tOn,4xmSDYn5n9Gu6mH6FSJDhf,spotify:track:4xmSDYn5n9Gu6mH6FSJDhf,Tak Di Tanganku,2023-03-16,2024-10-31T12:37:43Z,232383,75,45,False,Indonesia,2024-11-01,57789083
0kPb52ySN2k9P6wEZPTUzm,0jxUY7K5FdwJNl3SmnOZOl,1AoBdDIOp6RFjAbzcPbWi8,spotify:track:1AoBdDIOp6RFjAbzcPbWi8,Janji Setia,2021-12-17,2024-10-31T12:37:43Z,261000,75,46,False,Indonesia,2024-11-01,208795417
3DHOtJqv0Bw65ENlK4FiSF,2KZ89EkUZMZMuHuDdi3VNN,0qjuyXWrksQxIRntqz9ZJV,spotify:track:0qjuyXWrksQxIRntqz9ZJV,Tanpa Cinta,2014-04-14,2024-10-31T12:37:43Z,256386,73,47,False,Indonesia,2024-11-01,158690825
6FTLayBxjkQeanFdUusk1I,2HNKo2vMGhc9wON4NDfb04,3OTbh1VVrhebUzDor9r4pH,spotify:track:3OTbh1VVrhebUzDor9r4pH,Rumah Singgah,2023-02-02,2024-10-31T12:37:43Z,246730,74,48,False,Indonesia,2024-11-01,283538478
1v1khTmozNfxB2ET1Ep288,0lmWHPA0DAJY2xKscafErm,0fiKmieZ6xzoolzNOC3Fxi,spotify:track:0fiKmieZ6xzoolzNOC3Fxi,Sekuat Hatimu,2014-12-30,2024-10-31T12:37:43Z,283760,75,49,False,Indonesia,2024-11-01,140944544
5LcNPa8f8bRmZqELgoRFkN,7F3BUHlrZdaKrtSQ0LEpLm,654ZF6YNWjQS2NhwR3QnX7,spotify:track:654ZF6YNWjQS2NhwR3QnX7,Komang,2022-08-17,2024-10-31T12:37:43Z,222706,75,50,False,Indonesia,2024-11-01,382982446
"3eVa5w3URK5duf6eyVDbu9, 0du5cEVh5yTK9QJze8zA0C",2IYQwwgxgOIn7t3iF6ufFD,5vNRhkKd0yEAg8suGBpjeY,spotify:track:5vNRhkKd0yEAg8suGBpjeY,APT.,2024-10-18,2024-10-31T12:37:37Z,169917,96,1,False,Malaysia,2024-11-01,182002510
"1HY2Jd0NmPuamShAr6KMms, 0du5cEVh5yTK9QJze8zA0C",10FLjwfpbxLmW8c25Xyc2N,2plbrEY59IikOBgBGLjaoe,spotify:track:2plbrEY59IikOBgBGLjaoe,Die With A Smile,2024-08-16,2024-10-31T12:37:37Z,251667,100,2,False,Malaysia,2024-11-01,793128354
6qqNVTkY8uBg9cP3Jd7DAH,7aJuG4TFXa2hmE4z1yxc3n,6dOtVTDdiauQNBQEDOtlAB,spotify:track:6dOtVTDdiauQNBQEDOtlAB,BIRDS OF A FEATHER,2024-05-17,2024-10-31T12:37:37Z,210373,97,3,False,Malaysia,2024-11-01,1365824219
3uSnvyMAFJTm7XkZJFo0xP,6U1Imk9cN9VSNQrnHMgGkY,0TRKtVvsVmOkXCvnq5AgNE,spotify:track:0TRKtVvsVmOkXCvnq5AgNE,Reminisensi,2020-07-24,2024-10-31T12:37:37Z,265406,64,4,False,Malaysia,2024-11-01,14495373
250b0Wlc5Vk0CoUsaCY84M,3e5tDT1kfaAGx10yOjIDgW,2CspwnypzT7rcWI9RfsoSb,spotify:track:2CspwnypzT7rcWI9RfsoSb,Mantra,2024-10-10,2024-10-31T12:37:37Z,136627,89,5,True,Malaysia,2024-11-01,85540665
5L1lO4eRHmJ7a0Q6csE5cT,2F84s5tvr9RSS6VI772mVb,3yDRcs0Y4pPzkvMbUfeF9H,spotify:track:3yDRcs0Y4pPzkvMbUfeF9H,Moonlit Floor (Kiss Me),2024-10-03,2024-10-31T12:37:37Z,155757,89,6,False,Malaysia,2024-11-01,107590368
6qqNVTkY8uBg9cP3Jd7DAH,7aJuG4TFXa2hmE4z1yxc3n,3QaPy1KgI7nu9FJEQUgn6h,spotify:track:3QaPy1KgI7nu9FJEQUgn6h,WILDFLOWER,2024-05-17,2024-10-31T12:37:37Z,261466,92,7,False,Malaysia,2024-11-01,455994727
4AK6F7OLvEQ5QYCBNiQWHq,4gCNyS7pidfK3rKWhB3JOY,5O2P9iiztwhomNh8xkR9lJ,spotify:track:5O2P9iiztwhomNh8xkR9lJ,Night Changes,2014-11-17,2024-10-31T12:37:37Z,226600,90,8,False,Malaysia,2024-11-01,1810565097
74KM79TiuVKeVCqs8QtB0B,3iPSVi54hsacKKl1xIR2eH,2HRqTpkrJO5ggZyyK6NPWz,spotify:track:2HRqTpkrJO5ggZyyK6NPWz,Espresso,2024-08-23,2024-10-31T12:37:37Z,175459,88,9,True,Malaysia,2024-11-01,1514527027
70NcAr4ZtA3FAqU16iQZSb,305fd6KSKY40Yjgwvm2ck6,0QzuaeCEEOV40Pn7IvKEny,spotify:track:0QzuaeCEEOV40Pn7IvKEny,double take,2022-01-21,2024-10-31T12:37:37Z,171743,82,10,False,Malaysia,2024-11-01,969765787
74KM79TiuVKeVCqs8QtB0B,3iPSVi54hsacKKl1xIR2eH,5G2f63n7IPVPPjfNIGih7Q,spotify:track:5G2f63n7IPVPPjfNIGih7Q,Taste,2024-08-23,2024-10-31T12:37:37Z,157279,94,11,False,Malaysia,2024-11-01,448894386
3uSnvyMAFJTm7XkZJFo0xP,4sigvBSInHo1GXR6UUYTVm,67C6LHREqmytK923Ak6R0I,spotify:track:67C6LHREqmytK923Ak6R0I,Sempurna,2022-02-14,2024-10-31T12:37:37Z,251714,61,12,False,Malaysia,2024-11-01,25254700
1oSPZhvZMIrWW5I41kPkkY,15XcLhiVMlSOipUddTNDnr,7tI8dRuH2Yc6RuoTjxo4dU,spotify:track:7tI8dRuH2Yc6RuoTjxo4dU,Who,2024-07-19,2024-10-31T12:37:37Z,170887,92,13,False,Malaysia,2024-11-01,890342043
"5Plk4JdCzMxhAHSRTEsxJp, 1lg1jqQMMJQQFFMnkxn0zV",59ptvvKVVgt5Oo8R6uYDda,7BgFlmOxrL7M1jVGoxqy37,spotify:track:7BgFlmOxrL7M1jVGoxqy37,Masing Masing,2023-11-03,2024-10-31T12:37:37Z,234589,77,14,False,Malaysia,2024-11-01,43426743
66CXWjxzNUsdJxJ2JdwvnR,5EYKrEDnKhhcNxGedaRQeK,51ZQ1vr10ffzbwIjDCwqm4,spotify:track:51ZQ1vr10ffzbwIjDCwqm4,we can't be friends (wait for your love),2024-03-08,2024-10-31T12:37:37Z,228639,86,15,False,Malaysia,2024-11-01,988117319
47z98pKd71yIbgXwe9LPVC,5agEAxt8vks5Xk0NfEbI5D,2gcMYiZzzmzoF8PPAfL3IO,spotify:track:2gcMYiZzzmzoF8PPAfL3IO,"Untungnya, Hidup Harus Tetap Berjalan",2024-06-23,2024-10-31T12:37:37Z,182903,83,16,False,Malaysia,2024-11-01,110317887
3c0gDdb9lhnHGFtP4prQpn,1hjqg3TuQ2YqooaPhxHwdv,6aJn7Cst74cj4lNIiPRgav,spotify:track:6aJn7Cst74cj4lNIiPRgav,Touch,2024-07-26,2024-10-31T12:37:37Z,129882,86,17,False,Malaysia,2024-11-01,127747039
"1Xyo4u8uXC1ZmMpatF05PJ, 250b0Wlc5Vk0CoUsaCY84M, 1pBLC0qVRTB5zVMuteQ9jJ",7tzVd1fwkxsorytCBjEJkU,7CyPwkp0oE8Ro9Dd5CUDjW,spotify:track:7CyPwkp0oE8Ro9Dd5CUDjW,"One Of The Girls (with JENNIE, Lily Rose Depp)",2023-06-23,2024-10-31T12:37:37Z,244684,90,18,False,Malaysia,2024-11-01,1343280860
7tYKF4w9nC0nq9CsPZTHyP,1nrVofqDRs7cpWXJ49qTnP,1Qrg8KqiBpW07V7PNxwwwL,spotify:track:1Qrg8KqiBpW07V7PNxwwwL,Kill Bill,2022-12-08,2024-10-31T12:37:37Z,153946,86,19,False,Malaysia,2024-11-01,2155717956
6YVMFz59CuY7ngCxTxjpxE,6RRuiUup6Z0Y0MxkCXOGyU,7Cnpb1vBbC46RgVyyKLH7p,spotify:track:7Cnpb1vBbC46RgVyyKLH7p,Whiplash,2024-10-21,2024-10-31T12:37:37Z,183226,65,20,False,Malaysia,2024-11-01,25989395
7GlBOeep6PqTfFi59PTUUN,1WAjjRMfZjEXtB0lQrAw6Q,0WbMK4wrZ1wFSty9F7FCgu,spotify:track:0WbMK4wrZ1wFSty9F7FCgu,"Good Luck, Babe!",2024-04-05,2024-10-31T12:37:37Z,218423,94,21,False,Malaysia,2024-11-01,887168565
7tYKF4w9nC0nq9CsPZTHyP,07w0rG5TETcyihsEIZR3qG,5Y35SjAfXjjG0sFQ3KOxmm,spotify:track:5Y35SjAfXjjG0sFQ3KOxmm,Nobody Gets Me,2022-12-09,2024-10-31T12:37:37Z,180853,84,22,True,Malaysia,2024-11-01,734901227
74KM79TiuVKeVCqs8QtB0B,3iPSVi54hsacKKl1xIR2eH,2tHwzyyOLoWSFqYNjeVMzj,spotify:track:2tHwzyyOLoWSFqYNjeVMzj,Please Please Please,2024-08-23,2024-10-31T12:37:37Z,186365,87,23,True,Malaysia,2024-11-01,957716490
0du5cEVh5yTK9QJze8zA0C,73pAZrAw8W3Ey9hBJYOVLt,4rMNgxEwGWoPHIUcvB5BrB,spotify:track:4rMNgxEwGWoPHIUcvB5BrB,It Will Rain,2011-09-27,2024-10-31T12:37:37Z,257847,65,24,False,Malaysia,2024-11-01,1000578599
0zo8fkOQyrawuBfIhy99jb,1rGFUVZxs41YwTvWv0q0Xt,0hlZ8daapg8QHpHsDyaqbg,spotify:track:0hlZ8daapg8QHpHsDyaqbg,Hanya Aku,2014-06-15,2024-10-31T12:37:37Z,200163,60,25,False,Malaysia,2024-11-01,20126118
7hr9W3IjXcm3UlLY7guLk5,19zU4YKQ8Gdn8QYQvXumhO,6EIMUjQ7Q8Zr2VtIUik4He,spotify:track:6EIMUjQ7Q8Zr2VtIUik4He,drunk text,2024-01-26,2024-10-31T12:37:37Z,187263,79,26,False,Malaysia,2024-11-01,350107884
4fVYwG8RsbJsREFFniszhf,4t9LkUma3iBV9PWJQG5cKP,6twyTAZjH3ap9GFkGukraz,spotify:track:6twyTAZjH3ap9GFkGukraz,Rahsia Tuhan,2024-09-06,2024-10-31T12:37:37Z,287071,57,27,False,Malaysia,2024-11-01,1360276
6FTLayBxjkQeanFdUusk1I,2HNKo2vMGhc9wON4NDfb04,3OTbh1VVrhebUzDor9r4pH,spotify:track:3OTbh1VVrhebUzDor9r4pH,Rumah Singgah,2023-02-02,2024-10-31T12:37:37Z,246730,74,28,False,Malaysia,2024-11-01,283538478
7Ln80lUS6He07XvHI8qqHH,78bpIziExqiI9qztvNFlQu,5XeFesFbtLpXzIVDNQP22n,spotify:track:5XeFesFbtLpXzIVDNQP22n,I Wanna Be Yours,2013-09-09,2024-10-31T12:37:37Z,183956,90,29,False,Malaysia,2024-11-01,2558895712
3uSnvyMAFJTm7XkZJFo0xP,71rJWafKCflIm3q1NzNm7n,1DVHCvTwuwtZrpYDV4irH5,spotify:track:1DVHCvTwuwtZrpYDV4irH5,Pulang,2018-11-23,2024-10-31T12:37:37Z,287477,59,30,False,Malaysia,2024-11-01,28660225
4gvjmrtzydbMpyJaXUtwvP,0XA403JTounqFh2owquBXu,6MzofobZt2dm0Kf1hTThFz,spotify:track:6MzofobZt2dm0Kf1hTThFz,Diet Pepsi,2024-08-09,2024-10-31T12:37:37Z,169697,88,31,False,Malaysia,2024-11-01,145882422
6YVMFz59CuY7ngCxTxjpxE,4vLGHlTnlIIxMSfefCY0cU,5sjnkOfTLCLNfkkchI2re2,spotify:track:5sjnkOfTLCLNfkkchI2re2,UP - KARINA Solo,2024-10-09,2024-10-31T12:37:37Z,166640,82,32,False,Malaysia,2024-11-01,28705962
6UgERnTHmjk3qXM9x5vzyO,19zDJ0Nd8Xfv7ctcQrlT5k,6i9Ci0IN1q1GcnhdbKU7kZ,spotify:track:6i9Ci0IN1q1GcnhdbKU7kZ,penjaga hati,2024-06-21,2024-10-31T12:37:37Z,260346,72,33,False,Malaysia,2024-11-01,319369192
3sMsWkApnc6yPyMUsNHQlb,0wKIcysg2raXx70ZiBRd1s,3uLb3akDowAYWp5QbbKN0w,spotify:track:3uLb3akDowAYWp5QbbKN0w,Di Balik Pertanda,2024-10-16,2024-10-31T12:37:37Z,216677,62,34,False,Malaysia,2024-11-01,16475355
"6VuMaDnrHyPL1p4EHjYLi7, 0C8ZW7ezQVs4URX5aX7Kqx",5J4SS8wTmXdyIEVYjmHzpZ,54PbBpquVfhfrwRwvjSXbI,spotify:track:54PbBpquVfhfrwRwvjSXbI,We Don't Talk Anymore (feat. Selena Gomez),2015-11-05,2024-10-31T12:37:37Z,217706,81,35,False,Malaysia,2024-11-01,2011564722
2WzaAvm2bBCf4pEhyuDgCY,6FgtuX3PtiB5civjHYhc52,2eAvDnpXP5W0cVtiI0PUxV,spotify:track:2eAvDnpXP5W0cVtiI0PUxV,Dandelions,2017-05-05,2024-10-31T12:37:37Z,233720,85,36,False,Malaysia,2024-11-01,1738570709
1JvbNeV9zG9Sew1JyaWsyx,6gO5mDyNTqiIqHItRil4OG,26cvTWJq2E1QqN4jyH2OTU,spotify:track:26cvTWJq2E1QqN4jyH2OTU,Tak Segampang Itu,2022-12-02,2024-10-31T12:37:37Z,231100,78,37,False,Malaysia,2024-11-01,491278395
5p9HO3XC5P3BLxJs5Mtrhm,4JDXBZdRPId4devseaAOKH,3qhlB30KknSejmIvZZLjOD,spotify:track:3qhlB30KknSejmIvZZLjOD,End of Beginning,2022-09-16,2024-10-31T12:37:37Z,159245,89,38,False,Malaysia,2024-11-01,1111775972
027TpXKGwdXP7iwbjUSpV8,7ucm85tRsWk6EyVHaYAxe9,4SqWKzw0CbA05TGszDgMlc,spotify:track:4SqWKzw0CbA05TGszDgMlc,I Love You So,2014-11-28,2024-10-31T12:37:37Z,160239,87,39,False,Malaysia,2024-11-01,1654138792
"1Xyo4u8uXC1ZmMpatF05PJ, 699OTQXzgjhIYAHMy9RyPD",2IRxVVqbSbqHJo8Zx50LYn,1Es7AUAhQvapIcoh3qMKDL,spotify:track:1Es7AUAhQvapIcoh3qMKDL,Timeless (with Playboi Carti),2024-09-27,2024-10-31T12:37:37Z,256000,92,40,True,Malaysia,2024-11-01,159180122
2uYWxilOVlUdk4oV9DvwqK,2Cn1d2KgbkAqbZCJ1RzdkA,3vkCueOmm7xQDoJ17W1Pm3,spotify:track:3vkCueOmm7xQDoJ17W1Pm3,My Love Mine All Mine,2023-09-15,2024-10-31T12:37:37Z,137773,88,41,False,Malaysia,2024-11-01,1280456463
06HL4z0CvFAxyc27GXpf02,1NAmidJlEaVgA3MpcPFYGq,1BxfuPKGuaTgP7aM0Bbdwr,spotify:track:1BxfuPKGuaTgP7aM0Bbdwr,Cruel Summer,2019-08-23,2024-10-31T12:37:37Z,178426,89,42,False,Malaysia,2024-11-01,2566518088
36cgvBn0aadzOijnjjwqMN,6irebIc6UO8fN0jl4UlzBS,1aKvZDoLGkNMxoRYgkckZG,spotify:track:1aKvZDoLGkNMxoRYgkckZG,Magnetic,2024-03-25,2024-10-31T12:37:37Z,160688,84,43,False,Malaysia,2024-11-01,447083353
36cgvBn0aadzOijnjjwqMN,1rQZODajANwqhegpEuCYk4,21LtZQQMQYwVIxc9O9Ygq8,spotify:track:21LtZQQMQYwVIxc9O9Ygq8,Cherish (My Love),2024-10-28,2024-10-31T12:37:37Z,176854,51,44,False,Malaysia,2024-11-01,9935155
3uSnvyMAFJTm7XkZJFo0xP,4WTIpr7McvDy14UT87FhhJ,68oey8CEp8hOD0ho0VsEqz,spotify:track:68oey8CEp8hOD0ho0VsEqz,Igauan Malam,2022-11-04,2024-10-31T12:37:37Z,293894,55,45,False,Malaysia,2024-11-01,5062251
"66NmU5epI0ONGmdCRbLpmW, 06QVnTCdjs4jPKO0487EGV",5boeKAXsTkdFlm6OnkQxQW,6Hii26x3qDErVitnGW8QtO,spotify:track:6Hii26x3qDErVitnGW8QtO,Runtuh,2021-10-01,2024-10-31T12:37:37Z,223973,79,46,False,Malaysia,2024-11-01,473081932
6Sv2jkzH9sWQjwghW5ArMG,20nf5isZzrFuEOr0tIZkWG,3FwQ3RYYEekzjEeL3jdpUZ,spotify:track:3FwQ3RYYEekzjEeL3jdpUZ,Pesan Terakhir,2021-07-16,2024-10-31T12:37:37Z,261299,79,47,False,Malaysia,2024-11-01,357090262
1iCnM8foFssWlPRLfAbIwo,68CN2LzY8MoxO2udy2C22e,2262bWmqomIaJXwCRHr13j,spotify:track:2262bWmqomIaJXwCRHr13j,Sailor Song,2024-07-26,2024-10-31T12:37:37Z,211978,91,48,False,Malaysia,2024-11-01,254197549
7tYKF4w9nC0nq9CsPZTHyP,07w0rG5TETcyihsEIZR3qG,4iZ4pt7kvcaH6Yo8UoZ4s2,spotify:track:4iZ4pt7kvcaH6Yo8UoZ4s2,Snooze,2022-12-09,2024-10-31T12:37:37Z,201800,86,49,True,Malaysia,2024-11-01,1214549000
47z98pKd71yIbgXwe9LPVC,5K8xqV7MCe3UIfedVAlZSe,7zOVh5fGpEwSbZd0g9z80B,spotify:track:7zOVh5fGpEwSbZd0g9z80B,Satu Bulan,2023-06-22,2024-10-31T12:37:37Z,200476,84,50,False,Malaysia,2024-11-01,206778990
"3eVa5w3URK5duf6eyVDbu9, 0du5cEVh5yTK9QJze8zA0C",2IYQwwgxgOIn7t3iF6ufFD,5vNRhkKd0yEAg8suGBpjeY,spotify:track:5vNRhkKd0yEAg8suGBpjeY,APT.,2024-10-18,2024-10-31T12:37:45Z,169917,96,1,False,Philippines,2024-11-01,182002510
"1HY2Jd0NmPuamShAr6KMms, 0du5cEVh5yTK9QJze8zA0C",10FLjwfpbxLmW8c25Xyc2N,2plbrEY59IikOBgBGLjaoe,spotify:track:2plbrEY59IikOBgBGLjaoe,Die With A Smile,2024-08-16,2024-10-31T12:37:45Z,251667,100,2,False,Philippines,2024-11-01,793128354
"1chOgh5tgwfiyJ2zhUHwBj, 3z0IVhtuFvt9VYUZGT98PU",6dsECFlRFW0X7ZmpjZzI3m,1imaIe1NEAaWnLF0BY0V6F,spotify:track:1imaIe1NEAaWnLF0BY0V6F,sining (feat. Jay R),2024-06-07,2024-10-31T12:37:45Z,200000,81,3,False,Philippines,2024-11-01,154416585
6qqNVTkY8uBg9cP3Jd7DAH,7aJuG4TFXa2hmE4z1yxc3n,6dOtVTDdiauQNBQEDOtlAB,spotify:track:6dOtVTDdiauQNBQEDOtlAB,BIRDS OF A FEATHER,2024-05-17,2024-10-31T12:37:45Z,210373,97,4,False,Philippines,2024-11-01,1365824219
6AvnL2gWjNYs1hRVJx4huK,1gbgbQj9mCxtp3IPybhMzp,2ADSh3Mp744n2586tpUtIW,spotify:track:2ADSh3Mp744n2586tpUtIW,Dilaw,2024-05-24,2024-10-31T12:37:45Z,192380,80,5,False,Philippines,2024-11-01,158331527
6zO1dZ40fTZ5hY9NnnRJSk,4dhoGa2hqBQ402BaIwBpcn,2ezMnGfGww3WSOJp7TwI1N,spotify:track:2ezMnGfGww3WSOJp7TwI1N,blue,2024-08-02,2024-10-31T12:37:45Z,214357,76,6,False,Philippines,2024-11-01,22362119
5L1lO4eRHmJ7a0Q6csE5cT,2F84s5tvr9RSS6VI772mVb,3yDRcs0Y4pPzkvMbUfeF9H,spotify:track:3yDRcs0Y4pPzkvMbUfeF9H,Moonlit Floor (Kiss Me),2024-10-03,2024-10-31T12:37:45Z,155757,89,7,False,Philippines,2024-11-01,107590368
6rTxLeff3t3rivZ3rabRpw,2CKTmUw2QrxtchdI1yVfQB,52F5Y4EgcZ2RggVqpqSJBe,spotify:track:52F5Y4EgcZ2RggVqpqSJBe,Gusto Ko Sakin Ka Lang,2024-07-12,2024-10-31T12:37:45Z,193846,76,8,False,Philippines,2024-11-01,33502731
74KM79TiuVKeVCqs8QtB0B,3iPSVi54hsacKKl1xIR2eH,5G2f63n7IPVPPjfNIGih7Q,spotify:track:5G2f63n7IPVPPjfNIGih7Q,Taste,2024-08-23,2024-10-31T12:37:45Z,157279,94,9,False,Philippines,2024-11-01,448894386
"7LvDTuFCBv08xm6u1pOMK0, 1mcqfNCReSFxun2vIWvC28",6HKsZL1QL7e2Mp5HGNn6N0,4WgViu9gw3qYOr3iF9OuLG,spotify:track:4WgViu9gw3qYOr3iF9OuLG,Palagi - TJxKZ Version,2024-08-28,2024-10-31T12:37:45Z,241000,76,10,False,Philippines,2024-11-01,32640436
250b0Wlc5Vk0CoUsaCY84M,3e5tDT1kfaAGx10yOjIDgW,2CspwnypzT7rcWI9RfsoSb,spotify:track:2CspwnypzT7rcWI9RfsoSb,Mantra,2024-10-10,2024-10-31T12:37:45Z,136627,89,11,True,Philippines,2024-11-01,85540665
74KM79TiuVKeVCqs8QtB0B,3iPSVi54hsacKKl1xIR2eH,1UHS8Rf6h5Ar3CDWRd3wjF,spotify:track:1UHS8Rf6h5Ar3CDWRd3wjF,Bed Chem,2024-08-23,2024-10-31T12:37:45Z,171869,91,12,False,Philippines,2024-11-01,247338064
74KM79TiuVKeVCqs8QtB0B,3iPSVi54hsacKKl1xIR2eH,2tHwzyyOLoWSFqYNjeVMzj,spotify:track:2tHwzyyOLoWSFqYNjeVMzj,Please Please Please,2024-08-23,2024-10-31T12:37:45Z,186365,87,13,True,Philippines,2024-11-01,957716490
3wbCeEPAW6po7J46netxMT,1QpFitywD6FWjFWvTmLOw9,6FIEuf1JIzmCtach0gXpeG,spotify:track:6FIEuf1JIzmCtach0gXpeG,Tadhana,2012-12-07,2024-10-31T12:37:45Z,222446,75,14,False,Philippines,2024-11-01,336328268
"61nn6nOoLWjVC1ER2qFAvN, 09Xydf4dlkr29dH99DmsvQ",5Z3PE5HciL6majXbtu3EU3,7b89Ffklm3xh4GI37vlZDZ,spotify:track:7b89Ffklm3xh4GI37vlZDZ,Tingin,2023-04-28,2024-10-31T12:37:45Z,222298,76,15,False,Philippines,2024-11-01,161857057
7uDdl5V5AETSFY7K3muu22,4EJLfrjbTDyhhMU1AcYDPb,2v6jmF6VQWS96x6tSg05IC,spotify:track:2v6jmF6VQWS96x6tSg05IC,TAKE ALL THE LOVE,2021-04-23,2024-10-31T12:37:45Z,206181,75,16,False,Philippines,2024-11-01,194048644
6AvnL2gWjNYs1hRVJx4huK,5nS1IYsFBBHe1hZlcbrypc,5OAGg2B2BjxzpiEcuzaCkZ,spotify:track:5OAGg2B2BjxzpiEcuzaCkZ,Namumula,2024-08-30,2024-10-31T12:37:45Z,174473,74,17,True,Philippines,2024-11-01,21187860
4AK6F7OLvEQ5QYCBNiQWHq,4gCNyS7pidfK3rKWhB3JOY,5O2P9iiztwhomNh8xkR9lJ,spotify:track:5O2P9iiztwhomNh8xkR9lJ,Night Changes,2014-11-17,2024-10-31T12:37:45Z,226600,90,18,False,Philippines,2024-11-01,1810565097
7GlBOeep6PqTfFi59PTUUN,1WAjjRMfZjEXtB0lQrAw6Q,0WbMK4wrZ1wFSty9F7FCgu,spotify:track:0WbMK4wrZ1wFSty9F7FCgu,"Good Luck, Babe!",2024-04-05,2024-10-31T12:37:45Z,218423,94,19,False,Philippines,2024-11-01,887168565
0WleeEe3UurwlNbDGhb5Yz,0hMT0sAqjZvYBimWnMDswf,4067uAzJZUHJInwOo7X701,spotify:track:4067uAzJZUHJInwOo7X701,Boyfriend,2024-06-28,2024-10-31T12:37:45Z,293723,73,20,False,Philippines,2024-11-01,25418035
74KM79TiuVKeVCqs8QtB0B,3iPSVi54hsacKKl1xIR2eH,2HRqTpkrJO5ggZyyK6NPWz,spotify:track:2HRqTpkrJO5ggZyyK6NPWz,Espresso,2024-08-23,2024-10-31T12:37:45Z,175459,88,21,True,Philippines,2024-11-01,1514527027
61nn6nOoLWjVC1ER2qFAvN,6BqP9dOpxUGa7gCunYMw9a,0kE1SmlJNLg14dgdo9kJws,spotify:track:0kE1SmlJNLg14dgdo9kJws,Misteryoso,2024-05-17,2024-10-31T12:37:45Z,221641,74,22,False,Philippines,2024-11-01,48021065
"1DlYnIiliftt6R21Y5NOW2, 4qPhnQfRgdgcZEdXgENOnr",5UNDk7qptf3EtMNoIh3w0k,2nqlM3gNBMi5Zf9MDzp2Xi,spotify:track:2nqlM3gNBMi5Zf9MDzp2Xi,Mahika,2023-12-15,2024-10-31T12:37:45Z,201951,72,23,False,Philippines,2024-11-01,299992810
7uDdl5V5AETSFY7K3muu22,09S77IK5S0vxVF0DfwSohF,0HAG6nIiEKd75yGpovuSJQ,spotify:track:0HAG6nIiEKd75yGpovuSJQ,Isa lang,2021-12-17,2024-10-31T12:37:45Z,269256,74,24,False,Philippines,2024-11-01,233507294
70NcAr4ZtA3FAqU16iQZSb,305fd6KSKY40Yjgwvm2ck6,0QzuaeCEEOV40Pn7IvKEny,spotify:track:0QzuaeCEEOV40Pn7IvKEny,double take,2022-01-21,2024-10-31T12:37:45Z,171743,82,25,False,Philippines,2024-11-01,969765787
3c0gDdb9lhnHGFtP4prQpn,1hjqg3TuQ2YqooaPhxHwdv,6aJn7Cst74cj4lNIiPRgav,spotify:track:6aJn7Cst74cj4lNIiPRgav,Touch,2024-07-26,2024-10-31T12:37:45Z,129882,86,26,False,Philippines,2024-11-01,127747039
"20wkVLutqVOYrc0kxFs7rA, 3Y7RZ31TRPVadSFVy1o8os",3xybjP7r2VsWzwvDQipdM0,1RMJOxR6GRPsBHL8qeC2ux,spotify:track:1RMJOxR6GRPsBHL8qeC2ux,Best Part (feat. H.E.R.),2017-08-25,2024-10-31T12:37:45Z,209831,84,27,False,Philippines,2024-11-01,1536538576
3AQRLZ9PuTAozP28Skbq8V,1r5J0N6Ep181K0i8YuTYgO,3nqqDo8CcCLke3ZoTgiOKf,spotify:track:3nqqDo8CcCLke3ZoTgiOKf,The Man Who Can't Be Moved,2008-07-14,2024-10-31T12:37:45Z,241373,80,28,False,Philippines,2024-11-01,767383741
5GVk1KCKa1tdHRev4bMw7V,1nft8RTZE2QYeDPPNEnCBx,16iRlyUMJVPqz62DlomMre,spotify:track:16iRlyUMJVPqz62DlomMre,Ikaw Lang,2020-06-12,2024-10-31T12:37:45Z,263500,73,29,False,Philippines,2024-11-01,297298218
4gvjmrtzydbMpyJaXUtwvP,0XA403JTounqFh2owquBXu,6MzofobZt2dm0Kf1hTThFz,spotify:track:6MzofobZt2dm0Kf1hTThFz,Diet Pepsi,2024-08-09,2024-10-31T12:37:45Z,169697,88,30,False,Philippines,2024-11-01,145882422
0du5cEVh5yTK9QJze8zA0C,1iGIqDBXm5HpTqHCvdc4QP,0RUGuh2uSNFJpGMSsD1F5C,spotify:track:0RUGuh2uSNFJpGMSsD1F5C,It Will Rain,2011-11-04,2024-10-31T12:37:45Z,257720,72,31,False,Philippines,2024-11-01,1000578599
1chOgh5tgwfiyJ2zhUHwBj,0YEPa646R98Iqp2GDqsl29,06VwVWrnYSTIikz801hGwD,spotify:track:06VwVWrnYSTIikz801hGwD,Oksihina,2023-09-08,2024-10-31T12:37:45Z,204051,72,32,False,Philippines,2024-11-01,35607822
6AvnL2gWjNYs1hRVJx4huK,2USw0nRD3YRnfofRyufJnR,61DuXKQqvXkxcrAIiNLIgR,spotify:track:61DuXKQqvXkxcrAIiNLIgR,Saan?,2023-03-31,2024-10-31T12:37:45Z,206500,74,33,False,Philippines,2024-11-01,131983205
"3PDFGpPl4ienSn5Vwisfrh, 4zpGxqF6oI1h3f6Md2v42T",3rucLazJL4NKIiF6DBp5Fa,3O5P2ZDUwExzcIdZkJwFq1,spotify:track:3O5P2ZDUwExzcIdZkJwFq1,Burgis,2024-03-01,2024-10-31T12:37:45Z,209454,73,34,False,Philippines,2024-11-01,85042342
66CXWjxzNUsdJxJ2JdwvnR,5EYKrEDnKhhcNxGedaRQeK,51ZQ1vr10ffzbwIjDCwqm4,spotify:track:51ZQ1vr10ffzbwIjDCwqm4,we can't be friends (wait for your love),2024-03-08,2024-10-31T12:37:45Z,228639,86,35,False,Philippines,2024-11-01,988117319
"2WzWSpOB41g3gb78Raj6RK, 4zpGxqF6oI1h3f6Md2v42T",1rWV1baWSlnYYrYxU719QO,0NJAqnvbF6vzripOB7PclP,spotify:track:0NJAqnvbF6vzripOB7PclP,Babaero,2024-01-09,2024-10-31T12:37:45Z,175396,74,36,False,Philippines,2024-11-01,164408312
1hMAGfvamVXuSWBFQRFMeq,0eVAbAiekijNEO7xTvGn23,5gQyJNVUEydHMciwhih7EK,spotify:track:5gQyJNVUEydHMciwhih7EK,Ikot,2024-10-01,2024-10-31T12:37:45Z,250093,62,37,False,Philippines,2024-11-01,47625137
"20wkVLutqVOYrc0kxFs7rA, 1U1el3k54VvEUzo3ybLPlM",3xybjP7r2VsWzwvDQipdM0,7zFXmv6vqI4qOt4yGf3jYZ,spotify:track:7zFXmv6vqI4qOt4yGf3jYZ,Get You (feat. Kali Uchis),2017-08-25,2024-10-31T12:37:45Z,278179,82,38,False,Philippines,2024-11-01,1141929250
3C1ER0cuXc8dLtaI8RvLI6,5YU9eW5SXNmyX768HHrDFr,2dMQ4FbQcrEWVFK6NIFjrl,spotify:track:2dMQ4FbQcrEWVFK6NIFjrl,Museo,2024-04-19,2024-10-31T12:37:45Z,270400,74,39,False,Philippines,2024-11-01,48711826
4zpGxqF6oI1h3f6Md2v42T,36OmXvGRKAY2zICbVtItoa,4wZTvLi0khNRqqz4i5XhdV,spotify:track:4wZTvLi0khNRqqz4i5XhdV,Walang Alam,2023-10-20,2024-10-31T12:37:45Z,185000,74,40,True,Philippines,2024-11-01,155524078
24fEOzlKhgSNLIcy9NdmwH,2H4wJMAmm6r9WxMFwmXpj9,3lOpUMMUskknPD3dJR2MkT,spotify:track:3lOpUMMUskknPD3dJR2MkT,Randomantic,2015,2024-10-31T12:37:45Z,244520,71,41,False,Philippines,2024-11-01,39246022
027TpXKGwdXP7iwbjUSpV8,7ucm85tRsWk6EyVHaYAxe9,4SqWKzw0CbA05TGszDgMlc,spotify:track:4SqWKzw0CbA05TGszDgMlc,I Love You So,2014-11-28,2024-10-31T12:37:45Z,160239,87,42,False,Philippines,2024-11-01,1654138792
7LvDTuFCBv08xm6u1pOMK0,2rfBUsHWqodvzhMDNDAeJW,4Rlbzn3nj9XJMZTijQUXMs,spotify:track:4Rlbzn3nj9XJMZTijQUXMs,Palagi,2024-04-25,2024-10-31T12:37:45Z,218051,71,43,False,Philippines,2024-11-01,150725507
1EUmQM6xgUQLUkJVcvSdey,1Pjond44g3GY0emy3LfcCl,0Qra8Ps4tJAZPqRXyehCjc,spotify:track:0Qra8Ps4tJAZPqRXyehCjc,Heaven Knows - This Angel Has Flown,2005-03-24,2024-10-31T12:37:45Z,241146,72,44,False,Philippines,2024-11-01,159726527
0DpLoyGVbhOHNR3ht2oO9y,5CoCHo5Uln3nDpd1q2aewW,4AULw1VRyJP17zMvwgTIUs,spotify:track:4AULw1VRyJP17zMvwgTIUs,Umaasa,2019-06-28,2024-10-31T12:37:45Z,335624,72,45,False,Philippines,2024-11-01,199880746
1chOgh5tgwfiyJ2zhUHwBj,3A0K1ImYGMKTYDLe5EgLWv,7bAVndaTleEnfizm6h2d3i,spotify:track:7bAVndaTleEnfizm6h2d3i,Musika,2022-09-28,2024-10-31T12:37:45Z,246666,72,46,False,Philippines,2024-11-01,107629792
4LT250S0fAe4cYqPbRk56m,0vJ2H4ZG19Enzadvy7xHIS,3kdDccXEVz0snh6mcL4eFj,spotify:track:3kdDccXEVz0snh6mcL4eFj,YK,2021-01-25,2024-10-31T12:37:45Z,170263,73,47,False,Philippines,2024-11-01,197562189
7tYKF4w9nC0nq9CsPZTHyP,07w0rG5TETcyihsEIZR3qG,4iZ4pt7kvcaH6Yo8UoZ4s2,spotify:track:4iZ4pt7kvcaH6Yo8UoZ4s2,Snooze,2022-12-09,2024-10-31T12:37:45Z,201800,86,48,True,Philippines,2024-11-01,1214549000
7dFzqx2qyelGPiBKmdSEOT,7vX4hut0GPXmfbqbSvz49o,5mi8Oe95frx6LhvFioXE7t,spotify:track:5mi8Oe95frx6LhvFioXE7t,Miss Miss,2023-12-08,2024-10-31T12:37:45Z,265677,72,49,False,Philippines,2024-11-01,90435328
3wbCeEPAW6po7J46netxMT,22DhzsGO72BgYKAAXFGsyb,0DdC92EziGIEN6j7kTCKQX,spotify:track:0DdC92EziGIEN6j7kTCKQX,Unti-Unti,2017-02-14,2024-10-31T12:37:45Z,283825,71,50,False,Philippines,2024-11-01,85226309
"3eVa5w3URK5duf6eyVDbu9, 0du5cEVh5yTK9QJze8zA0C",2IYQwwgxgOIn7t3iF6ufFD,5vNRhkKd0yEAg8suGBpjeY,spotify:track:5vNRhkKd0yEAg8suGBpjeY,APT.,2024-10-18,2024-10-31T12:37:44Z,169917,96,1,False,Singapore,2024-11-01,182002510
"1HY2Jd0NmPuamShAr6KMms, 0du5cEVh5yTK9QJze8zA0C",10FLjwfpbxLmW8c25Xyc2N,2plbrEY59IikOBgBGLjaoe,spotify:track:2plbrEY59IikOBgBGLjaoe,Die With A Smile,2024-08-16,2024-10-31T12:37:44Z,251667,100,2,False,Singapore,2024-11-01,793128354
1oSPZhvZMIrWW5I41kPkkY,15XcLhiVMlSOipUddTNDnr,7tI8dRuH2Yc6RuoTjxo4dU,spotify:track:7tI8dRuH2Yc6RuoTjxo4dU,Who,2024-07-19,2024-10-31T12:37:44Z,170887,92,3,False,Singapore,2024-11-01,890342043
250b0Wlc5Vk0CoUsaCY84M,3e5tDT1kfaAGx10yOjIDgW,2CspwnypzT7rcWI9RfsoSb,spotify:track:2CspwnypzT7rcWI9RfsoSb,Mantra,2024-10-10,2024-10-31T12:37:44Z,136627,89,4,True,Singapore,2024-11-01,85540665
6qqNVTkY8uBg9cP3Jd7DAH,7aJuG4TFXa2hmE4z1yxc3n,6dOtVTDdiauQNBQEDOtlAB,spotify:track:6dOtVTDdiauQNBQEDOtlAB,BIRDS OF A FEATHER,2024-05-17,2024-10-31T12:37:44Z,210373,97,5,False,Singapore,2024-11-01,1365824219
5L1lO4eRHmJ7a0Q6csE5cT,2F84s5tvr9RSS6VI772mVb,3yDRcs0Y4pPzkvMbUfeF9H,spotify:track:3yDRcs0Y4pPzkvMbUfeF9H,Moonlit Floor (Kiss Me),2024-10-03,2024-10-31T12:37:44Z,155757,89,6,False,Singapore,2024-11-01,107590368
74KM79TiuVKeVCqs8QtB0B,3iPSVi54hsacKKl1xIR2eH,5G2f63n7IPVPPjfNIGih7Q,spotify:track:5G2f63n7IPVPPjfNIGih7Q,Taste,2024-08-23,2024-10-31T12:37:44Z,157279,94,7,False,Singapore,2024-11-01,448894386
6YVMFz59CuY7ngCxTxjpxE,6RRuiUup6Z0Y0MxkCXOGyU,7Cnpb1vBbC46RgVyyKLH7p,spotify:track:7Cnpb1vBbC46RgVyyKLH7p,Whiplash,2024-10-21,2024-10-31T12:37:44Z,183226,65,8,False,Singapore,2024-11-01,25989395
74KM79TiuVKeVCqs8QtB0B,3iPSVi54hsacKKl1xIR2eH,2HRqTpkrJO5ggZyyK6NPWz,spotify:track:2HRqTpkrJO5ggZyyK6NPWz,Espresso,2024-08-23,2024-10-31T12:37:44Z,175459,88,9,True,Singapore,2024-11-01,1514527027
1iCnM8foFssWlPRLfAbIwo,68CN2LzY8MoxO2udy2C22e,2262bWmqomIaJXwCRHr13j,spotify:track:2262bWmqomIaJXwCRHr13j,Sailor Song,2024-07-26,2024-10-31T12:37:44Z,211978,91,10,False,Singapore,2024-11-01,254197549
4tuJ0bMpJh08umKkEXKUI5,0hBRqPYPXhr1RkTDG3n4Mk,7ne4VBA60CxGM75vw0EYad,spotify:track:7ne4VBA60CxGM75vw0EYad,That’s So True,2024-10-18,2024-10-31T12:37:44Z,166300,86,11,True,Singapore,2024-11-01,39061526
3c0gDdb9lhnHGFtP4prQpn,1hjqg3TuQ2YqooaPhxHwdv,6aJn7Cst74cj4lNIiPRgav,spotify:track:6aJn7Cst74cj4lNIiPRgav,Touch,2024-07-26,2024-10-31T12:37:44Z,129882,86,12,False,Singapore,2024-11-01,127747039
7GlBOeep6PqTfFi59PTUUN,1WAjjRMfZjEXtB0lQrAw6Q,0WbMK4wrZ1wFSty9F7FCgu,spotify:track:0WbMK4wrZ1wFSty9F7FCgu,"Good Luck, Babe!",2024-04-05,2024-10-31T12:37:44Z,218423,94,13,False,Singapore,2024-11-01,887168565
5vV3bFXnN6D6N3Nj4xRvaV,6OdmwetSmFXZhBrNJFKvay,2Qcbspnftnon37jibwyvMU,spotify:track:2Qcbspnftnon37jibwyvMU,I'll Be There,2024-10-25,2024-10-31T12:37:44Z,181677,85,14,False,Singapore,2024-11-01,26890712
4AK6F7OLvEQ5QYCBNiQWHq,4gCNyS7pidfK3rKWhB3JOY,5O2P9iiztwhomNh8xkR9lJ,spotify:track:5O2P9iiztwhomNh8xkR9lJ,Night Changes,2014-11-17,2024-10-31T12:37:44Z,226600,90,15,False,Singapore,2024-11-01,1810565097
4gvjmrtzydbMpyJaXUtwvP,0XA403JTounqFh2owquBXu,6MzofobZt2dm0Kf1hTThFz,spotify:track:6MzofobZt2dm0Kf1hTThFz,Diet Pepsi,2024-08-09,2024-10-31T12:37:44Z,169697,88,16,False,Singapore,2024-11-01,145882422
3pc0bOVB5whxmD50W79wwO,5DfKDonIvNlxlzA4ORIOFm,2aL4lMGhWdPpyPL6COPou7,spotify:track:2aL4lMGhWdPpyPL6COPou7,Soft Spot,2024-09-13,2024-10-31T12:37:44Z,204223,77,17,False,Singapore,2024-11-01,29416582
74KM79TiuVKeVCqs8QtB0B,3iPSVi54hsacKKl1xIR2eH,2tHwzyyOLoWSFqYNjeVMzj,spotify:track:2tHwzyyOLoWSFqYNjeVMzj,Please Please Please,2024-08-23,2024-10-31T12:37:44Z,186365,87,18,True,Singapore,2024-11-01,957716490
6qqNVTkY8uBg9cP3Jd7DAH,7aJuG4TFXa2hmE4z1yxc3n,3QaPy1KgI7nu9FJEQUgn6h,spotify:track:3QaPy1KgI7nu9FJEQUgn6h,WILDFLOWER,2024-05-17,2024-10-31T12:37:44Z,261466,92,19,False,Singapore,2024-11-01,455994727
4tuJ0bMpJh08umKkEXKUI5,56bdWeO40o3WfAD2Lja4dl,51rfRCiUSvxXlCSCfIztBy,spotify:track:51rfRCiUSvxXlCSCfIztBy,"I Love You, I'm Sorry",2024-06-21,2024-10-31T12:37:44Z,157146,90,20,True,Singapore,2024-11-01,253445953
6YVMFz59CuY7ngCxTxjpxE,4vLGHlTnlIIxMSfefCY0cU,5sjnkOfTLCLNfkkchI2re2,spotify:track:5sjnkOfTLCLNfkkchI2re2,UP - KARINA Solo,2024-10-09,2024-10-31T12:37:44Z,166640,82,21,False,Singapore,2024-11-01,28705962
3Y7gOnKYWfQlEdgXag0Z6W,46n9YK2DE6B0CMk8qx4Twt,0VVD95cRAppHSOGPYrfIG2,spotify:track:0VVD95cRAppHSOGPYrfIG2,the cutest pair,2024-06-14,2024-10-31T12:37:44Z,158400,73,22,False,Singapore,2024-11-01,15499823
66CXWjxzNUsdJxJ2JdwvnR,5EYKrEDnKhhcNxGedaRQeK,51ZQ1vr10ffzbwIjDCwqm4,spotify:track:51ZQ1vr10ffzbwIjDCwqm4,we can't be friends (wait for your love),2024-03-08,2024-10-31T12:37:44Z,228639,86,23,False,Singapore,2024-11-01,988117319
36cgvBn0aadzOijnjjwqMN,1rQZODajANwqhegpEuCYk4,21LtZQQMQYwVIxc9O9Ygq8,spotify:track:21LtZQQMQYwVIxc9O9Ygq8,Cherish (My Love),2024-10-28,2024-10-31T12:37:44Z,176854,51,24,False,Singapore,2024-11-01,9935155
"1Xyo4u8uXC1ZmMpatF05PJ, 699OTQXzgjhIYAHMy9RyPD",2IRxVVqbSbqHJo8Zx50LYn,1Es7AUAhQvapIcoh3qMKDL,spotify:track:1Es7AUAhQvapIcoh3qMKDL,Timeless (with Playboi Carti),2024-09-27,2024-10-31T12:37:44Z,256000,92,25,True,Singapore,2024-11-01,159180122
06HL4z0CvFAxyc27GXpf02,1NAmidJlEaVgA3MpcPFYGq,1BxfuPKGuaTgP7aM0Bbdwr,spotify:track:1BxfuPKGuaTgP7aM0Bbdwr,Cruel Summer,2019-08-23,2024-10-31T12:37:44Z,178426,89,26,False,Singapore,2024-11-01,2566518088
74KM79TiuVKeVCqs8QtB0B,3iPSVi54hsacKKl1xIR2eH,1UHS8Rf6h5Ar3CDWRd3wjF,spotify:track:1UHS8Rf6h5Ar3CDWRd3wjF,Bed Chem,2024-08-23,2024-10-31T12:37:44Z,171869,91,27,False,Singapore,2024-11-01,247338064
70NcAr4ZtA3FAqU16iQZSb,305fd6KSKY40Yjgwvm2ck6,0QzuaeCEEOV40Pn7IvKEny,spotify:track:0QzuaeCEEOV40Pn7IvKEny,double take,2022-01-21,2024-10-31T12:37:44Z,171743,82,28,False,Singapore,2024-11-01,969765787
36cgvBn0aadzOijnjjwqMN,6irebIc6UO8fN0jl4UlzBS,1aKvZDoLGkNMxoRYgkckZG,spotify:track:1aKvZDoLGkNMxoRYgkckZG,Magnetic,2024-03-25,2024-10-31T12:37:44Z,160688,84,29,False,Singapore,2024-11-01,447083353
"4V8LLVI7PbaPR0K2TGSxFF, 20wkVLutqVOYrc0kxFs7rA",0U28P0QVB1QRxpqp5IHOlH,1QoyuMHNBe7lg3YW4Qtll4,spotify:track:1QoyuMHNBe7lg3YW4Qtll4,St. Chroma (feat. Daniel Caesar),2024-10-28,2024-10-31T12:37:44Z,197019,85,30,True,Singapore,2024-11-01,24714390
2FXC3k01G6Gw61bmprjgqS,48qd9sU3xqYJbKaxHCciJL,19XpFsce28aByvCC4g89tJ,spotify:track:19XpFsce28aByvCC4g89tJ,Too Sweet,2024-08-19,2024-10-31T12:37:44Z,251424,84,31,False,Singapore,2024-11-01,1064175290
"6HaGTQPmzraVmaVxvz6EUc, 3MdXrJWsbVzdn6fe5JYkSQ",5pSk3c3wVwnb2arb6ohCPU,2HRgqmZQC0MC7GeNuDIXHN,spotify:track:2HRgqmZQC0MC7GeNuDIXHN,Seven (feat. Latto) (Explicit Ver.),2023-11-03,2024-10-31T12:37:44Z,183550,84,32,True,Singapore,2024-11-01,2015455890
"6fOqdhRNsMQqtwRwgo3NUv, 0czbvTRVGHfCdRsJLxbBGQ",0yZmjmMyA25lq1giL8yl0a,6GyUt7yJ0sOktc5HjvVnFh,spotify:track:6GyUt7yJ0sOktc5HjvVnFh,在加納共和國離婚,2023-08-14,2024-10-31T12:37:44Z,261000,67,33,False,Singapore,2024-11-01,28639174
74KM79TiuVKeVCqs8QtB0B,5kDmlA2g9Y1YCbNo2Ufxlz,6dgUya35uo964z7GZXM07g,spotify:track:6dgUya35uo964z7GZXM07g,Nonsense,2022-07-15,2024-10-31T12:37:44Z,163648,86,34,False,Singapore,2024-11-01,1062075098
4TEK9tIkcoxib4GxT3O4ky,4eguh1dJUXRh0IMiLKRwab,2DbDefRFJ5YOfXCKOeCJJh,spotify:track:2DbDefRFJ5YOfXCKOeCJJh,Igloo,2024-10-15,2024-10-31T12:37:44Z,131786,73,35,False,Singapore,2024-11-01,8312507
"1Xyo4u8uXC1ZmMpatF05PJ, 250b0Wlc5Vk0CoUsaCY84M, 1pBLC0qVRTB5zVMuteQ9jJ",7tzVd1fwkxsorytCBjEJkU,7CyPwkp0oE8Ro9Dd5CUDjW,spotify:track:7CyPwkp0oE8Ro9Dd5CUDjW,"One Of The Girls (with JENNIE, Lily Rose Depp)",2023-06-23,2024-10-31T12:37:44Z,244684,90,36,False,Singapore,2024-11-01,1343280860
22wbnEMDvgVIAGdFeek6ET,168CdR21lfn0TTyw1Pkdcm,3xkHsmpQCBMytMJNiDf3Ii,spotify:track:3xkHsmpQCBMytMJNiDf3Ii,Beautiful Things,2024-04-05,2024-10-31T12:37:44Z,180304,89,37,False,Singapore,2024-11-01,1504841747
45dkTj5sMRSjrmBSBeiHym,5qfivA7g2aAhAIPnSb0csp,24XihnoVPWXlKJ4BgXqjVM,spotify:track:24XihnoVPWXlKJ4BgXqjVM,It's ok I'm ok,2024-09-12,2024-10-31T12:37:44Z,156521,85,38,True,Singapore,2024-11-01,88694220
4SpbR6yFEvexJuaBpgAU5p,6kAsgfuulBOuyYLytWX7e2,4gxEY3Mh5FZZDAJAKPNrCS,spotify:track:4gxEY3Mh5FZZDAJAKPNrCS,CRAZY,2024-09-02,2024-10-31T12:37:44Z,164554,80,39,False,Singapore,2024-11-01,99997092
"4V8LLVI7PbaPR0K2TGSxFF, 0fGcIStdT1OpFFhOC7Wp36",0U28P0QVB1QRxpqp5IHOlH,0VaeksJaXy5R1nvcTMh3Xk,spotify:track:0VaeksJaXy5R1nvcTMh3Xk,"Darling, I (feat. Teezo Touchdown)",2024-10-28,2024-10-31T12:37:44Z,253834,83,40,True,Singapore,2024-11-01,19291954
7tYKF4w9nC0nq9CsPZTHyP,1nrVofqDRs7cpWXJ49qTnP,1Qrg8KqiBpW07V7PNxwwwL,spotify:track:1Qrg8KqiBpW07V7PNxwwwL,Kill Bill,2022-12-08,2024-10-31T12:37:44Z,153946,86,41,False,Singapore,2024-11-01,2155717956
4V8LLVI7PbaPR0K2TGSxFF,0U28P0QVB1QRxpqp5IHOlH,1YdtGoSYDvVQKoUqSDXX41,spotify:track:1YdtGoSYDvVQKoUqSDXX41,Noid,2024-10-28,2024-10-31T12:37:44Z,284363,82,42,True,Singapore,2024-11-01,37652225
74KM79TiuVKeVCqs8QtB0B,3iPSVi54hsacKKl1xIR2eH,21B4gaTWnTkuSh77iWEXdS,spotify:track:21B4gaTWnTkuSh77iWEXdS,Juno,2024-08-23,2024-10-31T12:37:44Z,223192,87,43,True,Singapore,2024-11-01,140036234
"7nqOGRxlXj7N2JYbgNEjYH, 0QHgL1lAIqAw0HtD7YldmP",4xggkS8rdsJL3dgji8zW6W,145tqlcE6YFsjNfxi9K3AE,spotify:track:145tqlcE6YFsjNfxi9K3AE,"LOVE, MONEY, FAME (feat. DJ Khaled)",2024-10-14,2024-10-31T12:37:44Z,186386,79,44,False,Singapore,2024-11-01,18168233
4AK6F7OLvEQ5QYCBNiQWHq,7p1fX8aUySrBdx4WSYspOu,4nVBt6MZDDP6tRVdQTgxJg,spotify:track:4nVBt6MZDDP6tRVdQTgxJg,Story of My Life,2013-11-25,2024-10-31T12:37:44Z,245493,87,45,False,Singapore,2024-11-01,1426025623
1oSPZhvZMIrWW5I41kPkkY,15XcLhiVMlSOipUddTNDnr,3LWVXp636uLT356Rj08Jaz,spotify:track:3LWVXp636uLT356Rj08Jaz,Be Mine,2024-07-19,2024-10-31T12:37:44Z,207347,78,46,False,Singapore,2024-11-01,141567771
2elBjNSdBE2Y3f0j1mjrql,6WdM1OfmVIPuQ56QPmaJIr,0cOMncRq4cmDLO4tPQnkBF,spotify:track:0cOMncRq4cmDLO4tPQnkBF,擱淺,2004-08-03,2024-10-31T12:37:44Z,238133,63,47,False,Singapore,2024-11-01,86370631
1HY2Jd0NmPuamShAr6KMms,52BWvTRMsPqjHzrbQomgwP,19KlZwqlT3fguP2BeHF1Q1,spotify:track:19KlZwqlT3fguP2BeHF1Q1,Disease,2024-10-25,2024-10-31T12:37:44Z,229997,82,48,False,Singapore,2024-11-01,19808234
4gzpq5DPGxSnKTe4SA8HAU,1CEODgTmTwLyabvwd7HBty,1mea3bSkSGXuIRvnydlB5b,spotify:track:1mea3bSkSGXuIRvnydlB5b,Viva La Vida,2008-05-26,2024-10-31T12:37:44Z,242373,86,49,False,Singapore,2024-11-01,2389498636
5p9HO3XC5P3BLxJs5Mtrhm,4JDXBZdRPId4devseaAOKH,3qhlB30KknSejmIvZZLjOD,spotify:track:3qhlB30KknSejmIvZZLjOD,End of Beginning,2022-09-16,2024-10-31T12:37:44Z,159245,89,50,False,Singapore,2024-11-01,1111775972
5L1lO4eRHmJ7a0Q6csE5cT,2F84s5tvr9RSS6VI772mVb,3yDRcs0Y4pPzkvMbUfeF9H,spotify:track:3yDRcs0Y4pPzkvMbUfeF9H,Moonlit Floor (Kiss Me),2024-10-03,2024-10-31T12:37:35Z,155757,89,1,False,Thailand,2024-11-01,107590368
1oSPZhvZMIrWW5I41kPkkY,15XcLhiVMlSOipUddTNDnr,7tI8dRuH2Yc6RuoTjxo4dU,spotify:track:7tI8dRuH2Yc6RuoTjxo4dU,Who,2024-07-19,2024-10-31T12:37:35Z,170887,92,2,False,Thailand,2024-11-01,890342043
3JsHnjpbhX4SnySpvpa9DK,1ZBDI1LqnuAKdrePUF2D5m,2N0SPREDYqILVEFSsWF5N5,spotify:track:2N0SPREDYqILVEFSsWF5N5,Love Me Again,2023-08-11,2024-10-31T12:37:35Z,182293,86,3,False,Thailand,2024-11-01,907470966
5vV3bFXnN6D6N3Nj4xRvaV,6OdmwetSmFXZhBrNJFKvay,2Qcbspnftnon37jibwyvMU,spotify:track:2Qcbspnftnon37jibwyvMU,I'll Be There,2024-10-25,2024-10-31T12:37:35Z,181677,85,4,False,Thailand,2024-11-01,26890712
6HaGTQPmzraVmaVxvz6EUc,5pSk3c3wVwnb2arb6ohCPU,2KslE17cAJNHTsI2MI0jb2,spotify:track:2KslE17cAJNHTsI2MI0jb2,Standing Next to You,2023-11-03,2024-10-31T12:37:35Z,206019,90,5,False,Thailand,2024-11-01,989529750
"3eVa5w3URK5duf6eyVDbu9, 0du5cEVh5yTK9QJze8zA0C",2IYQwwgxgOIn7t3iF6ufFD,5vNRhkKd0yEAg8suGBpjeY,spotify:track:5vNRhkKd0yEAg8suGBpjeY,APT.,2024-10-18,2024-10-31T12:37:35Z,169917,96,6,False,Thailand,2024-11-01,182002510
6YVMFz59CuY7ngCxTxjpxE,6RRuiUup6Z0Y0MxkCXOGyU,7Cnpb1vBbC46RgVyyKLH7p,spotify:track:7Cnpb1vBbC46RgVyyKLH7p,Whiplash,2024-10-21,2024-10-31T12:37:35Z,183226,65,7,False,Thailand,2024-11-01,25989395
250b0Wlc5Vk0CoUsaCY84M,3e5tDT1kfaAGx10yOjIDgW,2CspwnypzT7rcWI9RfsoSb,spotify:track:2CspwnypzT7rcWI9RfsoSb,Mantra,2024-10-10,2024-10-31T12:37:35Z,136627,89,8,True,Thailand,2024-11-01,85540665
"5L1lO4eRHmJ7a0Q6csE5cT, 7ltDVBr6mKbRvohxheJ9h1",2ha4ucrONN0cihLMkP02Ch,7ov3TDp5D00Rnu5R1viX4w,spotify:track:7ov3TDp5D00Rnu5R1viX4w,New Woman (feat. ROSALÍA),2024-08-15,2024-10-31T12:37:35Z,179789,87,9,False,Thailand,2024-11-01,203931173
"6JrR3zrG0NQiXb9N9XSyGb, 2F8QVTDDHb8n0cwR9ftxFs",69xqagB72Nu4VYBI14fBRv,6BN3iFjclJ4teGlmB3fFvo,spotify:track:6BN3iFjclJ4teGlmB3fFvo,Yours Ever,2024-08-29,2024-10-31T12:37:35Z,259380,65,10,False,Thailand,2024-11-01,4111917
"6HaGTQPmzraVmaVxvz6EUc, 2LIk90788K0zvyj2JJVwkJ",0fJ0beklzFwoBv01U8792s,01qFKNWq73UfEslI0GvumE,spotify:track:01qFKNWq73UfEslI0GvumE,3D (feat. Jack Harlow),2023-10-02,2024-10-31T12:37:35Z,201812,77,11,True,Thailand,2024-11-01,696586226
"1HY2Jd0NmPuamShAr6KMms, 0du5cEVh5yTK9QJze8zA0C",10FLjwfpbxLmW8c25Xyc2N,2plbrEY59IikOBgBGLjaoe,spotify:track:2plbrEY59IikOBgBGLjaoe,Die With A Smile,2024-08-16,2024-10-31T12:37:35Z,251667,100,12,False,Thailand,2024-11-01,793128354
3Q5Qep7ytrjVleNnMnntgQ,50Zo1vf3YCQtXLUZr2oBiQ,4RiudH8RehvLLrk8uNgIdR,spotify:track:4RiudH8RehvLLrk8uNgIdR,Nightwalker,2024-02-13,2024-10-31T12:37:35Z,204373,75,13,False,Thailand,2024-11-01,110534282
6qqNVTkY8uBg9cP3Jd7DAH,7aJuG4TFXa2hmE4z1yxc3n,6dOtVTDdiauQNBQEDOtlAB,spotify:track:6dOtVTDdiauQNBQEDOtlAB,BIRDS OF A FEATHER,2024-05-17,2024-10-31T12:37:35Z,210373,97,14,False,Thailand,2024-11-01,1365824219
1xrRqVDsJaZPw0sXme5i2T,7allI9XRc8YqcO1TO3Gsyi,0cvETHNq3ZkPHdYCqRXhzk,spotify:track:0cvETHNq3ZkPHdYCqRXhzk,ขอโทษละกัน (friend to friend),2024-10-22,2024-10-31T12:37:35Z,166265,65,15,False,Thailand,2024-11-01,1890049
"6HaGTQPmzraVmaVxvz6EUc, 3MdXrJWsbVzdn6fe5JYkSQ",5pSk3c3wVwnb2arb6ohCPU,2HRgqmZQC0MC7GeNuDIXHN,spotify:track:2HRgqmZQC0MC7GeNuDIXHN,Seven (feat. Latto) (Explicit Ver.),2023-11-03,2024-10-31T12:37:35Z,183550,84,16,True,Thailand,2024-11-01,2015455890
5L1lO4eRHmJ7a0Q6csE5cT,7wIIhHPyaxAHRvdNQQO2G9,6vvPecFTmWxDfEJ6cYT1wa,spotify:track:6vvPecFTmWxDfEJ6cYT1wa,Rockstar,2024-06-27,2024-10-31T12:37:35Z,138213,85,17,True,Thailand,2024-11-01,283549234
6HEMZkIMQAPnd36iLsUlTx,2sehVZg3Q9QqyLNg06ULYG,2a78JDp7YVCyEydtRiHOn7,spotify:track:2a78JDp7YVCyEydtRiHOn7,I Just Wanna Know,2024-09-19,2024-10-31T12:37:35Z,223500,61,18,False,Thailand,2024-11-01,5445819
5xq3BK55BJmutN0X7eTyQB,4Ye2Vfc3DIjifg1jyuzBB8,5F4fAhzhdHtaQ8nNqWAufl,spotify:track:5F4fAhzhdHtaQ8nNqWAufl,"เหมือนวิวาห์ (Rain wedding) [From ""วิมานหนาม""]",2024-08-20,2024-10-31T12:37:35Z,261652,68,19,False,Thailand,2024-11-01,13954577
"2DaMrZndfGgM3yd9ivadRC, 5zSQoNQ9o2dnT1LPTzDxg7",3NkCwiKDPhfwZaKSEZUUiE,2AdBbeVaEdW731a3FXJAJC,spotify:track:2AdBbeVaEdW731a3FXJAJC,อยู่ได้แล้ว,2024-07-30,2024-10-31T12:37:35Z,253421,64,20,False,Thailand,2024-11-01,5985091
6HEMZkIMQAPnd36iLsUlTx,2sehVZg3Q9QqyLNg06ULYG,4KZRjuldIGTS7AQUPbUvbs,spotify:track:4KZRjuldIGTS7AQUPbUvbs,ที่เดิม,2024-09-19,2024-10-31T12:37:35Z,236062,62,21,False,Thailand,2024-11-01,2915975
6chmC6o0wvACYVGTITw3Pz,7hxZ6ENhTfRAqYTAIO5DYH,5jj7yXcilVsZPpyYtmD28X,spotify:track:5jj7yXcilVsZPpyYtmD28X,จำนน,2024-03-14,2024-10-31T12:37:35Z,249230,66,22,False,Thailand,2024-11-01,25144724
1aEKvjRnbf1laB7DVXFqsG,59iNGzAD15hYShkp2ZNmNv,2MuJCv3nCgHYlgOrAvCAT6,spotify:track:2MuJCv3nCgHYlgOrAvCAT6,Proud,2024-07-10,2024-10-31T12:37:35Z,225410,66,23,False,Thailand,2024-11-01,14357361
"52VcFYcq5kJEaRYgy58ouW, 5RQZVhw9dwZYc10QQfNMf1",5UGFoT5E3XTctzfOondKRU,4UyEA5UP6ducMaV9NiggTr,spotify:track:4UyEA5UP6ducMaV9NiggTr,สาริกาลิ้นทอง (Smooth-talker),2024-09-04,2024-10-31T12:37:35Z,248048,63,24,False,Thailand,2024-11-01,4053816
6HEMZkIMQAPnd36iLsUlTx,2sehVZg3Q9QqyLNg06ULYG,5QxNmQBXpLPemzpDvsuiLM,spotify:track:5QxNmQBXpLPemzpDvsuiLM,DAY ONE,2024-09-19,2024-10-31T12:37:35Z,271500,57,25,False,Thailand,2024-11-01,23440927
1aEKvjRnbf1laB7DVXFqsG,3ZqqQUWMeZasXiZhu7L1Zl,56wDFSIa9Tr7zbEXUVMwjP,spotify:track:56wDFSIa9Tr7zbEXUVMwjP,ดาวหางฮัลเลย์,2023-08-29,2024-10-31T12:37:35Z,224285,66,26,False,Thailand,2024-11-01,57696658
"5pokGZ1K9Hr6etaKPDxSG8, 6chmC6o0wvACYVGTITw3Pz",3c507rxKQ6lmPMw7l3Ut6r,4kE80JWRissrodmXuo0xYi,spotify:track:4kE80JWRissrodmXuo0xYi,ดอกไม้ที่รอฝน (spring),2024-07-19,2024-10-31T12:37:35Z,228000,67,27,False,Thailand,2024-11-01,18262479
1Twi7NfmUzbXF7lEMaGCqF,3C1L1CgjEjjHoyAPZwePgs,2LJerOY5jSwO5K6OF9Cyuz,spotify:track:2LJerOY5jSwO5K6OF9Cyuz,พบรัก,2024-06-20,2024-10-31T12:37:35Z,234000,65,28,False,Thailand,2024-11-01,10183564
0XkEUMM4lJHAzfTK9vR0cu,335bL8LroVIpabaucNBXxf,2OULHL0yM3KbaHC1vlTffC,spotify:track:2OULHL0yM3KbaHC1vlTffC,"The Trouble is..ปัญหาของฉัน - From ""หนึ่งในร้อย""",2024-09-10,2024-10-31T12:37:35Z,190714,57,29,False,Thailand,2024-11-01,1430222
6YVMFz59CuY7ngCxTxjpxE,4vLGHlTnlIIxMSfefCY0cU,5sjnkOfTLCLNfkkchI2re2,spotify:track:5sjnkOfTLCLNfkkchI2re2,UP - KARINA Solo,2024-10-09,2024-10-31T12:37:35Z,166640,82,30,False,Thailand,2024-11-01,28705962
1aEKvjRnbf1laB7DVXFqsG,0Xzh5uhsKj61IstBtpyx0u,3wyzSQ9rAWjx9vsMQSrLn2,spotify:track:3wyzSQ9rAWjx9vsMQSrLn2,ไม่เปลี่ยนเลย (Best Luck),2023-12-07,2024-10-31T12:37:35Z,190000,66,31,False,Thailand,2024-11-01,32930036
61hVICScGPBw0WmGPqWVRE,75a6DSvKLy5GWEeFzHZezz,0mHD9bPUsI3qbKZzMpxXFh,spotify:track:0mHD9bPUsI3qbKZzMpxXFh,ผิดตั้งแต่เริ่ม (ชู้รัก),2024-09-10,2024-10-31T12:37:35Z,212369,59,32,False,Thailand,2024-11-01,2583569
2xsBUJ327d3iC1LvL5hYrQ,1ZwmlC8iroJsQ9o76cYdCd,7jGiXLzchqbDTW7WzSU7a3,spotify:track:7jGiXLzchqbDTW7WzSU7a3,ปล่อยดาว (Flaw),2024-08-15,2024-10-31T12:37:35Z,253412,57,33,False,Thailand,2024-11-01,29831941
5zSQoNQ9o2dnT1LPTzDxg7,4Mqmd8JPbyBmSW7cWsSkUT,5BmF05GWZpmm5JZ5p3yMJr,spotify:track:5BmF05GWZpmm5JZ5p3yMJr,กำแพงหัวใจ,2023-08-17,2024-10-31T12:37:35Z,277203,63,34,False,Thailand,2024-11-01,32090374
5ghOUzxpnQmnPQDwC1thIz,05DGgZgqUX2HbssDax9YoL,0Fye2qtgBqOzHxb4cPSjWb,spotify:track:0Fye2qtgBqOzHxb4cPSjWb,Loop (ฉันจึงวนกลับมา),2024-06-04,2024-10-31T12:37:35Z,230204,62,35,False,Thailand,2024-11-01,4568780
2SWWw5uB9cO5m7zJQZqwmr,7HfFwe6RcWEiSMxNSTWf6f,28uUXmHx13AZ1nkl57vCwN,spotify:track:28uUXmHx13AZ1nkl57vCwN,ส่วนต่าง (do it without me),2024-05-10,2024-10-31T12:37:35Z,197746,64,36,False,Thailand,2024-11-01,13577044
0UAiHanBWs5vRM1tSPf2RJ,0KihRWW2XLQgBILidE9sVK,6JtHYZAi56uJEBc8iihR7j,spotify:track:6JtHYZAi56uJEBc8iihR7j,วันที่นาฬิกาของเราหมุนไปพร้อมกัน,2024-08-22,2024-10-31T12:37:35Z,223000,61,37,False,Thailand,2024-11-01,4170024
1qveov8f3HXFhDIWtFO5tG,3TssDAhHAEuj5IIoLjLJ5U,43eS61ezviPc61XDu6tRYR,spotify:track:43eS61ezviPc61XDu6tRYR,เผื่อวันไหนเธอจะกลับมา,2024-02-29,2024-10-31T12:37:35Z,239683,63,38,False,Thailand,2024-11-01,22195955
0qQI2kmsvSe2ex9k94T5vu,4Q6W1RKslZCLWZPmagDEy9,4j0W96NZvBFqwIyhCb9uGX,spotify:track:4j0W96NZvBFqwIyhCb9uGX,Unconditional,2024-10-24,2024-10-31T12:37:35Z,184000,69,39,False,Thailand,2024-11-01,3078006
5kU6FKYW7YBB2ikPQnk8cS,66Y30I4oMrnHVPshlzmpFb,08NGk13plUmQ5E5yjxIPIz,spotify:track:08NGk13plUmQ5E5yjxIPIz,แค่น้องชาย (brother zone),2024-06-05,2024-10-31T12:37:35Z,224173,64,40,False,Thailand,2024-11-01,14824755
2a727ekkPaUHk0bMifk7fj,4QTIX97bM4K457krl2S4eB,72Jc8BV2cEQAOuVoHVTJy3,spotify:track:72Jc8BV2cEQAOuVoHVTJy3,Golden Hour,2024-10-08,2024-10-31T12:37:35Z,224565,64,41,False,Thailand,2024-11-01,2322360
74KM79TiuVKeVCqs8QtB0B,3iPSVi54hsacKKl1xIR2eH,2HRqTpkrJO5ggZyyK6NPWz,spotify:track:2HRqTpkrJO5ggZyyK6NPWz,Espresso,2024-08-23,2024-10-31T12:37:35Z,175459,88,42,True,Thailand,2024-11-01,1514527027
"3moR9d0X97NAtZRhHWOta5, 3Ld1g6LjfR2ILDB6SD8aJV, 5vzCTzMec4uL6JCNkOFcZ2",6dqm5VRm3sUZotTnEbIV6D,25n8diXqpb6LKyL0Dwzwoy,spotify:track:25n8diXqpb6LKyL0Dwzwoy,Promethazine,2021-08-03,2024-10-31T12:37:35Z,182453,61,43,False,Thailand,2024-11-01,27805822
1qAOsY7jv9GFTv4HoVof5P,5mS7KW0IM3CrLf0SO9QM6P,0zLFNFvbnPmWZfDewtyaVg,spotify:track:0zLFNFvbnPmWZfDewtyaVg,ไม่ให้ไป,2024-06-11,2024-10-31T12:37:35Z,240410,63,44,False,Thailand,2024-11-01,10326804
70NcAr4ZtA3FAqU16iQZSb,305fd6KSKY40Yjgwvm2ck6,0QzuaeCEEOV40Pn7IvKEny,spotify:track:0QzuaeCEEOV40Pn7IvKEny,double take,2022-01-21,2024-10-31T12:37:35Z,171743,82,45,False,Thailand,2024-11-01,969765787
5xq3BK55BJmutN0X7eTyQB,7hnvRVtat4FvqC8HjHI14Y,5nvdbRKg9fOixXotcZIQuF,spotify:track:5nvdbRKg9fOixXotcZIQuF,ซ่อน(ไม่)หา,2024-02-08,2024-10-31T12:37:35Z,234661,58,46,False,Thailand,2024-11-01,36701946
5zSQoNQ9o2dnT1LPTzDxg7,7g6iCekuVO1Xx6WP1pPfB0,1rNYuv63emsYt4Jjv8RlgJ,spotify:track:1rNYuv63emsYt4Jjv8RlgJ,เจ้าของที่,2022-03-24,2024-10-31T12:37:35Z,240008,61,47,False,Thailand,2024-11-01,55051085
4G5OlxtrOm9ADmu3VZgFbG,6gI2LOnO76dKJ97awecXIx,4bnxMt1viexb85sAtVz1dA,spotify:track:4bnxMt1viexb85sAtVz1dA,วันนี้ปีที่แล้ว,2023-08-10,2024-10-31T12:37:35Z,233450,63,48,False,Thailand,2024-11-01,33060234
"1Xyo4u8uXC1ZmMpatF05PJ, 250b0Wlc5Vk0CoUsaCY84M, 1pBLC0qVRTB5zVMuteQ9jJ",7tzVd1fwkxsorytCBjEJkU,7CyPwkp0oE8Ro9Dd5CUDjW,spotify:track:7CyPwkp0oE8Ro9Dd5CUDjW,"One Of The Girls (with JENNIE, Lily Rose Depp)",2023-06-23,2024-10-31T12:37:35Z,244684,90,49,False,Thailand,2024-11-01,1343280860
6IyHyMlpel4mF7hTldZu3m,3fGfAm9QQEuVE2QBdLk4DT,2QV4JzbjMvgBRXsZHE0vW5,spotify:track:2QV4JzbjMvgBRXsZHE0vW5,ฉันไม่ต้องการตัวเธอในตอนนี้,2024-08-02,2024-10-31T12:37:35Z,365538,62,50,False,Thailand,2024-11-01,5490430
"6HaGTQPmzraVmaVxvz6EUc, 3MdXrJWsbVzdn6fe5JYkSQ",5pSk3c3wVwnb2arb6ohCPU,2HRgqmZQC0MC7GeNuDIXHN,spotify:track:2HRgqmZQC0MC7GeNuDIXHN,Seven (feat. Latto) (Explicit Ver.),2023-11-03,2024-10-31T12:37:38Z,183550,84,1,True,Vietnam,2024-11-01,2015455890
1oSPZhvZMIrWW5I41kPkkY,15XcLhiVMlSOipUddTNDnr,7tI8dRuH2Yc6RuoTjxo4dU,spotify:track:7tI8dRuH2Yc6RuoTjxo4dU,Who,2024-07-19,2024-10-31T12:37:38Z,170887,92,2,False,Vietnam,2024-11-01,890342043
6HaGTQPmzraVmaVxvz6EUc,5pSk3c3wVwnb2arb6ohCPU,2KslE17cAJNHTsI2MI0jb2,spotify:track:2KslE17cAJNHTsI2MI0jb2,Standing Next to You,2023-11-03,2024-10-31T12:37:38Z,206019,90,3,False,Vietnam,2024-11-01,989529750
"3eVa5w3URK5duf6eyVDbu9, 0du5cEVh5yTK9QJze8zA0C",2IYQwwgxgOIn7t3iF6ufFD,5vNRhkKd0yEAg8suGBpjeY,spotify:track:5vNRhkKd0yEAg8suGBpjeY,APT.,2024-10-18,2024-10-31T12:37:38Z,169917,96,4,False,Vietnam,2024-11-01,182002510
"57g2v7gJZepcwsuwssIfZs, 2nSO7JYDbJrYbJmP39qUzj",3pprs1r3mH3UhU23TUHBWJ,41DlPJXKTCypXdf2eSqa03,spotify:track:41DlPJXKTCypXdf2eSqa03,Bình Yên,2024-09-27,2024-10-31T12:37:38Z,195974,65,5,False,Vietnam,2024-11-01,11496324
"3diftVOq7aEIebXKkC34oR, 6TITnFVRcl0AcZ4syE7Toe",71L9y03HASgkNoYodycslE,3COYA2vgfcUhDyRlVpZy5p,spotify:track:3COYA2vgfcUhDyRlVpZy5p,PHÓNG ZÌN ZÌN,2024-09-18,2024-10-31T12:37:38Z,202999,69,6,False,Vietnam,2024-11-01,7368202
5vV3bFXnN6D6N3Nj4xRvaV,6OdmwetSmFXZhBrNJFKvay,2Qcbspnftnon37jibwyvMU,spotify:track:2Qcbspnftnon37jibwyvMU,I'll Be There,2024-10-25,2024-10-31T12:37:38Z,181677,85,7,False,Vietnam,2024-11-01,26890712
"4wZ6awunqaaVLl5j0WpDFu, 4KPyQxL1zqEiBcTwW6c9HE",4ZHaMUGP6WlG14jmk64Dln,2oVLEoBVDvYrGmzrU7dEm5,spotify:track:2oVLEoBVDvYrGmzrU7dEm5,TRÀN BỘ NHỚ (feat. Dương Domic),2024-08-31,2024-10-31T12:37:38Z,210000,66,8,False,Vietnam,2024-11-01,7339442
"1HY2Jd0NmPuamShAr6KMms, 0du5cEVh5yTK9QJze8zA0C",10FLjwfpbxLmW8c25Xyc2N,2plbrEY59IikOBgBGLjaoe,spotify:track:2plbrEY59IikOBgBGLjaoe,Die With A Smile,2024-08-16,2024-10-31T12:37:38Z,251667,100,9,False,Vietnam,2024-11-01,793128354
"2dC1IBU9NOD9xsQJ5RE7j7, 5xY6E5PMZNtz9jDvxTRiGI",3jQb4fnTYtHAP90TNLaj3y,3uT8QfoX0BE8ZJa4h98LDW,spotify:track:3uT8QfoX0BE8ZJa4h98LDW,Wrong Times,2023-05-17,2024-10-31T12:37:38Z,211200,66,10,False,Vietnam,2024-11-01,14867710
"6zUWZmyi5MLOEynQ5wCI5f, 27RoKwun6jKycKbH2iYUFU",1miKX6uKi8aY4YSOKkrOHr,7fCeYpR02Q8JVuD88hJZVT,spotify:track:7fCeYpR02Q8JVuD88hJZVT,Bầu Trời Mới,2024-10-05,2024-10-31T12:37:38Z,262495,61,11,False,Vietnam,2024-11-01,3957730
"5HZtdKfC4xU0wvhEyYDWiY, 3y6Lfjkrdn5TgkbgDxbpvM",4faMbTZifuYsBllYHZsFKJ,4nXrVH5xwN1w6TpmP7uu8n,spotify:track:4nXrVH5xwN1w6TpmP7uu8n,Exit Sign,2023-10-16,2024-10-31T12:37:38Z,201589,67,12,False,Vietnam,2024-11-01,26240811
"4wZ6awunqaaVLl5j0WpDFu, 5ulyphh5uJrH4Gb1JpSMkV, 5HZtdKfC4xU0wvhEyYDWiY, 4fg8aMZ23d2bxKz7r2vt9v, 13c4ijEkXNvEFoxGxwp5Su, 40JnMfFlpwqBnWitkL96g4",12QFrU7SbQXV60gqjevhKw,2GE2p2dFpxp7OIz2QOFBzW,spotify:track:2GE2p2dFpxp7OIz2QOFBzW,"KIM PHÚT, KIM GIỜ (feat. HURRYKNG, HIEUTHUHAI, Negav, Pháp Kiều & Isaac)",2024-08-26,2024-10-31T12:37:38Z,295058,63,13,False,Vietnam,2024-11-01,8823249
3JsHnjpbhX4SnySpvpa9DK,1ZBDI1LqnuAKdrePUF2D5m,2N0SPREDYqILVEFSsWF5N5,spotify:track:2N0SPREDYqILVEFSsWF5N5,Love Me Again,2023-08-11,2024-10-31T12:37:38Z,182293,86,14,False,Vietnam,2024-11-01,907470966
"1Qia4CTwh6x0CZbD0079zi, 1W2pigH6UYwuTuFbwoSfVZ",06QN41i8CfDkgUy2HP1kZ2,4fj4Jn4nw8fGX8xdbCntJf,spotify:track:4fj4Jn4nw8fGX8xdbCntJf,Sau Cơn Mưa,2023-07-28,2024-10-31T12:37:38Z,154756,67,15,False,Vietnam,2024-11-01,28990136
5HZtdKfC4xU0wvhEyYDWiY,4faMbTZifuYsBllYHZsFKJ,1K0HQ30Wc11okzlcnFA7Ub,spotify:track:1K0HQ30Wc11okzlcnFA7Ub,Không Thể Say,2023-10-16,2024-10-31T12:37:38Z,228413,66,16,False,Vietnam,2024-11-01,31228895
"4wZ6awunqaaVLl5j0WpDFu, 5HZtdKfC4xU0wvhEyYDWiY, 4KPyQxL1zqEiBcTwW6c9HE, 0iqum9KAHh3LkgDhuqvTxM, 6EybZ5zwPNEtEngfrEMevN, 5pyjjs1k7keBTqwhkVs7MA",0rizZdy1UrQb5svlZIqplS,446ygEWkggc5FMbBPQSMuM,spotify:track:446ygEWkggc5FMbBPQSMuM,"SAO HẠNG A (feat. HIEUTHUHAI, Dương Domic, Song Luân, Jsol & Trần Đăng Dương)",2024-09-18,2024-10-31T12:37:38Z,252625,61,17,False,Vietnam,2024-11-01,5643419
"5xY6E5PMZNtz9jDvxTRiGI, 3oD2yI1g6aT3KawHD8ZYaU, 3rSAej8VUifF02zpsGjsRZ",0gkv4yJzOP4UG19rm8lumW,4eeflgjzTF8xN8U2E0dech,spotify:track:4eeflgjzTF8xN8U2E0dech,NGỰA Ô,2024-10-02,2024-10-31T12:37:38Z,215415,63,18,False,Vietnam,2024-11-01,2396221
"1W2pigH6UYwuTuFbwoSfVZ, 1Qia4CTwh6x0CZbD0079zi, 0CO1IZAPmgTbkfXvcRCLsL",6H01GjpEb6taXvwiqEzpFy,3ZbZtdEw9U0uZW4tZItIwq,spotify:track:3ZbZtdEw9U0uZW4tZItIwq,Chịu Cách Mình Nói Thua,2023-11-22,2024-10-31T12:37:38Z,181558,66,19,False,Vietnam,2024-11-01,29200283
5dfZ5uSmzR7VQK0udbAVpf,6TnmFHbUYVfe4iuQjPQB2r,31VNCmwspR7nVJ6kruUuJt,spotify:track:31VNCmwspR7nVJ6kruUuJt,Đừng Làm Trái Tim Anh Đau,2024-06-08,2024-10-31T12:37:38Z,279208,67,20,False,Vietnam,2024-11-01,28909085
"57g2v7gJZepcwsuwssIfZs, 6TITnFVRcl0AcZ4syE7Toe",3pprs1r3mH3UhU23TUHBWJ,0e6fZkLArSmDIHnZcIua7t,spotify:track:0e6fZkLArSmDIHnZcIua7t,Không Yêu Em Thì Yêu Ai?,2024-09-27,2024-10-31T12:37:38Z,232647,63,21,False,Vietnam,2024-11-01,2750364
"4wZ6awunqaaVLl5j0WpDFu, 1W2pigH6UYwuTuFbwoSfVZ, 4KPyQxL1zqEiBcTwW6c9HE, 13c4ijEkXNvEFoxGxwp5Su",3oWelWuv6TkzEhaUerF47z,7gSQxwCpEMjg8wb6Y3oqe7,spotify:track:7gSQxwCpEMjg8wb6Y3oqe7,"HÀO QUANG (feat. RHYDER, Dương Domic & Pháp Kiều)",2024-08-06,2024-10-31T12:37:38Z,245454,64,22,False,Vietnam,2024-11-01,11049835
5L1lO4eRHmJ7a0Q6csE5cT,2F84s5tvr9RSS6VI772mVb,3yDRcs0Y4pPzkvMbUfeF9H,spotify:track:3yDRcs0Y4pPzkvMbUfeF9H,Moonlit Floor (Kiss Me),2024-10-03,2024-10-31T12:37:38Z,155757,89,23,False,Vietnam,2024-11-01,107590368
"3diftVOq7aEIebXKkC34oR, 6TITnFVRcl0AcZ4syE7Toe",3YLqrwhIaMVzzvpuPG1dmb,0SLzsfxED15vyUccX4bCqo,spotify:track:0SLzsfxED15vyUccX4bCqo,HOP ON DA SHOW,2024-09-18,2024-10-31T12:37:38Z,175876,65,24,True,Vietnam,2024-11-01,6152411
"4wZ6awunqaaVLl5j0WpDFu, 0slOzRzTQb1RBBVJbvRITP, 4fg8aMZ23d2bxKz7r2vt9v, 13c4ijEkXNvEFoxGxwp5Su, 1L1VfizWn4DkFt602yD80U",0rizZdy1UrQb5svlZIqplS,3Nn9QjxOEj1pleW9xTG6cq,spotify:track:3Nn9QjxOEj1pleW9xTG6cq,"TÌNH ĐẦU QUÁ CHÉN (feat. Quang Hùng MasterD, Negav, Pháp Kiều & Erik)",2024-09-18,2024-10-31T12:37:38Z,316000,60,25,False,Vietnam,2024-11-01,4403507
"4wZ6awunqaaVLl5j0WpDFu, 1W2pigH6UYwuTuFbwoSfVZ, 1pKPrziZw7C4GvOlBIXqP5, 0slOzRzTQb1RBBVJbvRITP, 30eFAXoU2kTjJPf2cq80B8, 4RPhZ2g5GYff0hKNBlZKXh",12QFrU7SbQXV60gqjevhKw,26zqmmkqUK6mCc87XDzPym,spotify:track:26zqmmkqUK6mCc87XDzPym,"CHÂN THÀNH (feat. RHYDER, Captain, Quang Hùng MasterD, WEAN & Ali Hoàng Dương)",2024-08-26,2024-10-31T12:37:38Z,258000,62,26,False,Vietnam,2024-11-01,6086968
"4wZ6awunqaaVLl5j0WpDFu, 5HZtdKfC4xU0wvhEyYDWiY, 1L1VfizWn4DkFt602yD80U, 62D1qvKkvUCvXEtY1xwRfo, 6EybZ5zwPNEtEngfrEMevN, 5lAfakPZgxFKgiJD6xAF1G",39kg9dUicbebUw7k1JbcTk,0BX2eDMZJrGzApf4ZGXrFi,spotify:track:0BX2eDMZJrGzApf4ZGXrFi,"NGÁO NGƠ (feat. HIEUTHUHAI, ERIK, Anh Tú Atus, JSOL & Orange)",2024-08-29,2024-10-31T12:37:38Z,252428,60,27,False,Vietnam,2024-11-01,9400864
5jTFNkoZebPnX90CbB3F2A,1UcLMdWtu9nmgZfDRNtdan,40pWxpbXoBYGPCiofujjZ6,spotify:track:40pWxpbXoBYGPCiofujjZ6,Chăm Hoa,2024-10-22,2024-10-31T12:37:38Z,211111,56,28,False,Vietnam,2024-11-01,706485
"2aQnC3DbZB9GbauvhAw7ve, 1zSv9qZANOWB4HRE8sxeTL",6ARiEjWrsw26QxfcvUsjtd,5oFEvbM7lGnx8jfAkuhVyo,spotify:track:5oFEvbM7lGnx8jfAkuhVyo,MỘNG YU,2024-08-02,2024-10-31T12:37:38Z,202629,65,29,False,Vietnam,2024-11-01,12378049
"2rKtPYcwYmevNcaqzJOwvf, 5HZtdKfC4xU0wvhEyYDWiY, 5ulyphh5uJrH4Gb1JpSMkV",19nGMLMd8gjMQwgh2aYmsx,0s7RyyUlQfd8mnnboHe18n,spotify:track:0s7RyyUlQfd8mnnboHe18n,Hẹn Gặp Em Dưới Ánh Trăng,2020-09-25,2024-10-31T12:37:38Z,222000,64,30,False,Vietnam,2024-11-01,17381293
"4bPYvyUn1mWwUwIW57oST2, 6zUWZmyi5MLOEynQ5wCI5f, 1Tdy7LZnrufTyuEbgDi1D8",5tFSjs5VsM2EwoA2Px6jqo,4CUvVaAYuXtvYURLFz7EIL,spotify:track:4CUvVaAYuXtvYURLFz7EIL,Chuyện Đôi Ta (feat. Muộii),2021-12-01,2024-10-31T12:37:38Z,208048,63,31,False,Vietnam,2024-11-01,50261062
250b0Wlc5Vk0CoUsaCY84M,3e5tDT1kfaAGx10yOjIDgW,2CspwnypzT7rcWI9RfsoSb,spotify:track:2CspwnypzT7rcWI9RfsoSb,Mantra,2024-10-10,2024-10-31T12:37:38Z,136627,89,32,True,Vietnam,2024-11-01,85540665
"57g2v7gJZepcwsuwssIfZs, 6V1SwiosQqf5XvmoTMCGa9",3pprs1r3mH3UhU23TUHBWJ,1LJyhnPdYGRLerwJd8CmL1,spotify:track:1LJyhnPdYGRLerwJd8CmL1,Những Lời Hứa Bỏ Quên,2024-09-27,2024-10-31T12:37:38Z,236262,58,33,False,Vietnam,2024-11-01,29334901
"4wZ6awunqaaVLl5j0WpDFu, 2NRcG7E1j2sSi8vnUzCcpi, 13c4ijEkXNvEFoxGxwp5Su, 4cLYlDISnWaErAitB8kRph, 4RPhZ2g5GYff0hKNBlZKXh, 3E0b68wCGYihuHBtlasfm9",39kg9dUicbebUw7k1JbcTk,3JIfmjJbanxJkwaPzYa2gN,spotify:track:3JIfmjJbanxJkwaPzYa2gN,"REGRET (feat. Quân A.P, Pháp Kiều, Quang Trung, Ali Hoàng Dương & Lâm Bảo Ngọc)",2024-08-29,2024-10-31T12:37:38Z,252307,58,34,False,Vietnam,2024-11-01,8368145
"1OIYKbmhG0RxPXvVPNj3NN, 57g2v7gJZepcwsuwssIfZs",3C5z2dMU7D6VLpnNtYujPJ,6VXVYATpQXEIoZ97NnWCmn,spotify:track:6VXVYATpQXEIoZ97NnWCmn,Vì Anh Đâu Có Biết,2022-08-04,2024-10-31T12:37:38Z,241919,62,35,False,Vietnam,2024-11-01,47802917
5zT1Ku9mzzl6RW5y4z0hUK,4z7HfTeYfrAUm4e84Y1oPw,7tFwBnuaGXqiiONukPRaCo,spotify:track:7tFwBnuaGXqiiONukPRaCo,Miên Man,2022-06-24,2024-10-31T12:37:38Z,197998,63,36,False,Vietnam,2024-11-01,24795152
"0zo8kCJVktn7oPnzpkbC2p, 6hnfLIkvDl6pjlAe1YRGXY, 7Cp2hGcriAaDUAWpXnSEwm",2W8HAPjn7tl7pHXGZ8WZIe,4gaxEUZE4z9pJAVTSFwgQI,spotify:track:4gaxEUZE4z9pJAVTSFwgQI,một đời,2023-03-03,2024-10-31T12:37:38Z,328240,55,37,False,Vietnam,2024-11-01,10071641
"6zUWZmyi5MLOEynQ5wCI5f, 5Kh0ta0UY4uJ4g2CIdq9V9",50HY9g20cVF2PKCYmy5LFZ,5ECHJ1llWBNYLVCYrllD3x,spotify:track:5ECHJ1llWBNYLVCYrllD3x,Chạy Khỏi Thế Giới Này,2022-06-30,2024-10-31T12:37:38Z,255429,62,38,False,Vietnam,2024-11-01,35279507
"30eFAXoU2kTjJPf2cq80B8, 3diftVOq7aEIebXKkC34oR",3TfGWGY3mNNdK5LYxBzfXi,4jWmhzf53Q0ZvZMuGdiR9x,spotify:track:4jWmhzf53Q0ZvZMuGdiR9x,shhhhhhh..,2023-10-07,2024-10-31T12:37:38Z,230675,62,39,False,Vietnam,2024-11-01,24765963
"5M3ffmRiOX9Q8Y4jNeR5wu, 0hy8mfXxfD8kQ6MRQkDVrn",1c4nTHI2hreFeF5P37wf4f,4qYfRfSxsmhJ1WMaywtLyI,spotify:track:4qYfRfSxsmhJ1WMaywtLyI,Từng Quen,2023-12-17,2024-10-31T12:37:38Z,174545,60,40,False,Vietnam,2024-11-01,44735975
6NF9Oa4ThQWCj6mogFSrVD,7ftthhLvgY5KSMOcpQsMCS,1o6cYDMHvKOfizi4d9Lqxr,spotify:track:1o6cYDMHvKOfizi4d9Lqxr,id 072019,2023-07-31,2024-10-31T12:37:38Z,271704,63,41,False,Vietnam,2024-11-01,29046228
6YVMFz59CuY7ngCxTxjpxE,6RRuiUup6Z0Y0MxkCXOGyU,7Cnpb1vBbC46RgVyyKLH7p,spotify:track:7Cnpb1vBbC46RgVyyKLH7p,Whiplash,2024-10-21,2024-10-31T12:37:38Z,183226,65,42,False,Vietnam,2024-11-01,25989395
5HZtdKfC4xU0wvhEyYDWiY,4faMbTZifuYsBllYHZsFKJ,6D94p9ASguBcYlDC0o56vx,spotify:track:6D94p9ASguBcYlDC0o56vx,NOLOVENOLIFE,2023-10-16,2024-10-31T12:37:38Z,170898,64,43,False,Vietnam,2024-11-01,18429277
"1pKPrziZw7C4GvOlBIXqP5, 1W2pigH6UYwuTuFbwoSfVZ",3x6Akqc71UWrnBGkU9DmWl,0HAfl1uPBf5qTMiuAi6Ym7,spotify:track:0HAfl1uPBf5qTMiuAi6Ym7,Ừ Thì Chia Tay (feat. RHYDER),2024-10-23,2024-10-31T12:37:38Z,239307,56,44,False,Vietnam,2024-11-01,615633
4fg8aMZ23d2bxKz7r2vt9v,1cpjIwbHEs622qW35q0wCQ,7Cjsw965r7mVK888ZqP6Wo,spotify:track:7Cjsw965r7mVK888ZqP6Wo,Mình Anh Thôi,2024-09-04,2024-10-31T12:37:38Z,212519,63,45,False,Vietnam,2024-11-01,4208560
5xY6E5PMZNtz9jDvxTRiGI,6FfeIJTcMgDM06w9sx6b3m,226ljdOTLM2clGpm4mZvAm,spotify:track:226ljdOTLM2clGpm4mZvAm,Love is,2023-06-27,2024-10-31T12:37:38Z,266758,51,46,False,Vietnam,2024-11-01,780365
0dBcEvEklr1jx4uZuhFX5e,5KNYrzFkKcSl7wzRYRuFjE,2uZmeuNAxSm7XfVIwLkhCx,spotify:track:2uZmeuNAxSm7XfVIwLkhCx,nhắn nhủ,2023-12-12,2024-10-31T12:37:38Z,241190,62,47,False,Vietnam,2024-11-01,18016269
"3diftVOq7aEIebXKkC34oR, 0XtC2d9ZVigYA7iMy5YkW0",0LM9Cm43Sug8Hfpm84qmt6,4exlWP8cokkWVCvyP3kg7c,spotify:track:4exlWP8cokkWVCvyP3kg7c,nếu lúc đó,2023-08-16,2024-10-31T12:37:38Z,263752,60,48,False,Vietnam,2024-11-01,50261128
"4wZ6awunqaaVLl5j0WpDFu, 1W2pigH6UYwuTuFbwoSfVZ, 3kcYkLL2sI2lCsIW0OS1fu",4ZHaMUGP6WlG14jmk64Dln,4WZf4gJ2MvBec6XPdUiqcq,spotify:track:4WZf4gJ2MvBec6XPdUiqcq,"ANH BIẾT RỒI (feat. Rhyder, Jmi Ko)",2024-08-31,2024-10-31T12:37:38Z,259614,57,49,False,Vietnam,2024-11-01,4197524
5HZtdKfC4xU0wvhEyYDWiY,1xjl5BzDqRbZBaWYESTLmI,1J12HjUuXfJnaUdubTEzSR,spotify:track:1J12HjUuXfJnaUdubTEzSR,Nghe Như Tình Yêu,2021-07-09,2024-10-31T12:37:38Z,193049,62,50,False,Vietnam,2024-11-01,27269703
